dataset,LOCUS,CHROM,POS,ID,REF,ALT,studies,BETA,SE,CHISQ,P,Q,QP,INFO,AFCAS,AFCON,NCAS,NCON,NEFF,NTOT,start,end
N06A-AFR,1,chr7,72030012,rs844684,A,C,2,0.08373260472173584,0.01522769793349226,30.23574653473432,3.8259257431846326e-8,0.453428758455029,0.5007111730474979,0.9980638346300282,0.622316132564635,0.6072463805034192,13963,34365,39709.67,48328,71937668,72205908
N06A-EAS,1,chr10,29390203,rs377250305,T,A,2,1.331105455234465,0.2038644790265708,42.632598408106865,6.6049413779227115e-11,0.04118146022866522,0.8391880597548406,0.9839781263279892,0.03040074531835206,0.01184405781535649,801,4376,2706.125,5177,29301583,29975205
N06A-EUR,1,chr1,25205012,rs35193542,T,TA,1,-0.0402436,0.00724659,30.84084485923685,2.800803278977858e-8,NA,NA,NA,0.435121,0.4458329999999999,106785,88536,193616,195321,25187440,25540302
N06A-EUR,2,chr1,190658954,rs79278617,A,C,4,0.05929775366571543,0.01069547064345498,30.738076220890083,2.9531293547329035e-8,3.8282988891340426,0.28061160997132994,0.9927215088825976,0.04564271539378915,0.04089179797689529,212982,329197,483167.1,542179,189981903,191609894
N06A-EUR,3,chr1,213933871,rs5780740,TC,T,1,-0.039821,0.00726318,30.058735685100665,4.1915605599181074e-8,NA,NA,NA,0.4082249999999999,0.419185,106785,88536,193616,195321,213835284,213990332
N06A-EUR,23,chr2,22347202,rs1463979,A,G,4,0.02846932466083953,0.00441233030082157,41.63113955709719,1.1022359850898984e-10,2.1274461789101675,0.5463802013954874,0.9954341198174486,0.416144745641671,0.3961141454530542,212983,329199,483170.1,542182,22207923,22737756
N06A-EUR,24,chr2,27156503,rs34730887,G,A,4,0.02467498650531236,0.00435150135401718,32.154043995926415,1.424199413581918e-8,13.264006140258774,0.00409910753722073,0.9950366319320704,0.5409453197225887,0.5157014359685524,212969,329182,483139.1,542151,26946974,27631657
N06A-EUR,25,chr2,192037679,rs4853656,A,T,3,-0.03883209057760369,0.00697205673104553,31.021280411060683,2.552148331141771e-8,11.035813094347676,0.00401424277981845,0.9917034837035588,0.11815790618775145,0.11304836737334152,204824,317685,464075,522509,192002999,192122794
N06A-EUR,26,chr2,211754111,rs62183024,C,T,4,0.02854299788660112,0.00473790633165599,36.29328087686526,1.697480813684685e-9,0.5729676914998838,0.9025919419739564,0.9953429931380464,0.2996071532747668,0.29423972367125983,212977,329184,483152.1,542161,211716557,211911946
N06A-EUR,28,chr3,16810163,rs35992988,C,T,4,-0.0381808438368586,0.00619455864895197,37.99008863525917,7.110492867497963e-10,0.06687481213028626,0.9954916634898868,0.988763787669989,0.1511511167223829,0.14085986084362603,212984,329198,483171.1,542182,16624162,17109634
N06A-EUR,29,chr3,18657436,rs9845443,C,T,4,0.03733914525873976,0.00472513756735352,62.44531061729102,2.739473348160473e-15,9.806528073542644,0.02028437670958971,0.992142565775324,0.6922220627949234,0.7009650049970079,212979,329197,483163.1,542176,18568683,18809269
N06A-EUR,30,chr3,29729827,rs11463251,C,CA,1,0.0412933,0.00721801,32.72835852052872,1.0597969498549881e-8,NA,NA,NA,0.446624,0.4372980000000001,106785,88536,193616,195321,29666618,29768467
N06A-EUR,31,chr3,43279922,rs76887862,G,T,4,0.03935196158386048,0.00607095901483343,42.01633521029596,9.051412131375952e-11,10.537194414916236,0.01451069711289624,0.9943208949419932,0.15699961386408243,0.14329663230608,212982,329195,483166.1,542177,42870988,45057872
N06A-EUR,32,chr3,49033968,rs201614713,CAGAGCG,C,1,-0.060637,0.00978263,38.42060128492231,5.702720629461186e-10,NA,NA,NA,0.158312,0.164049,106785,88536,193616,195321,48136339,49932580
N06A-EUR,33,chr4,20323892,rs10938795,A,T,4,0.02388596805438501,0.00437363013564039,29.82645149322806,4.725011652675895e-8,1.1567798355110748,0.7633878385468739,0.9831410726686692,0.5644719255249221,0.5577507958681527,212984,329199,483172.1,542183,20135969,20459186
N06A-EUR,34,chr4,59468647,rs113748640,G,A,4,0.07419172519124047,0.01312342727364738,31.960708793958027,1.5732268747455656e-8,5.500348710366974,0.13861776212918694,0.9871071584471608,0.03226679421156185,0.0258310617330834,212959,329159,483110.1,542118,58538637,59886393
N06A-EUR,35,chr4,140025674,rs17314804,C,T,4,-0.03082988096307613,0.00453252065076451,46.26623003392494,1.0322790028195674e-11,1.00211878186754,0.8007392739092074,0.9948310108660242,0.3503564032124781,0.35660070051944104,212982,329200,483169.1,542182,139915889,140056771
N06A-EUR,36,chr4,175938841,rs2333321,A,G,4,-0.02986354560636145,0.00538403061311498,30.765763455265635,2.9112921477563252e-8,0.8468185491687461,0.8382389393483634,0.9845972390598016,0.7951387829790032,0.7977304036725396,212984,329200,483172.1,542184,175874740,176052770
N06A-EUR,37,chr5,30825577,rs56070621,T,A,4,0.02568792115047119,0.00437401674187877,34.49030516628789,4.283796802719924e-9,1.3092944766941208,0.7269272029300449,0.9953029816554758,0.574322200198137,0.5765031057995491,212984,329198,483171.1,542182,30593275,30914564
N06A-EUR,38,chr5,78502713,rs35635049,TA,T,1,0.0504386,0.00850267,35.189686632802484,2.991033716900129e-9,NA,NA,NA,0.772846,0.764865,106785,88536,193616,195321,78328404,78623920
N06A-EUR,39,chr5,93025521,rs250269,A,G,4,0.02385545581060822,0.0043686333180928,29.81839413658132,4.7446893679963656e-8,0.9713492840363878,0.8081841102895986,0.999328605757366,0.5190492101163477,0.5443126669309445,212982,329199,483168.1,542181,92871538,93296400
N06A-EUR,40,chr5,104659667,rs325485,A,G,4,-0.02888933090660236,0.00446357242096858,41.88994554619389,9.655787195444791e-11,4.94916396900198,0.1755576804085065,0.9928309600874132,0.6212900216215456,0.616835041069633,212982,329197,483167.1,542179,104336166,104783507
N06A-EUR,41,chr5,120762754,rs34626100,CT,C,1,-0.0442004,0.00728906999999999,36.77122999867554,1.328361482076649e-9,NA,NA,NA,0.576023,0.586629,106785,88536,193616,195321,120578411,121141703
N06A-EUR,42,chr5,165043832,rs7446573,A,G,3,0.02814317674791895,0.00444504361700257,40.086134812716,2.43007696891149e-10,1.919461464147343,0.38299600063063616,0.9961297660014647,0.5599826840960306,0.5358039317470749,205018,318023,464569,523041,164845029,165365633
N06A-EUR,43,chr6,26404730,rs10456045,G,A,4,-0.02857392768378934,0.00473883582487583,36.35771295310583,1.642280081761545e-9,1.312268208689,0.7262219507772384,0.9998976533557056,0.30034349129965254,0.30153009368525935,212980,329198,483165.1,542178,25710343,27337897
N06A-EUR,44,chr6,32813978,rs34818665,GT,G,1,0.11699700000000002,0.0163571,51.160741952241025,8.510369850851607e-13,NA,NA,NA,0.0525676,0.04819799999999999,106785,88536,193616,195321,28510120,33480577
N06A-EUR,45,chr6,51801515,rs11394766,A,AT,1,0.0422681,0.00751659,31.62159184584036,1.87335054215998e-8,NA,NA,NA,0.6528110000000001,0.646629,106785,88536,193616,195321,50965507,52233277
N06A-EUR,46,chr6,151919313,rs4305732,A,G,4,-0.03119304432397424,0.00450228955488274,48.00082261303958,4.260403767519401e-12,7.026051104751302,0.0710720542066229,0.9944134009779104,0.632436199925816,0.6390846423136157,212984,329199,483172.1,542183,151866623,152097440
N06A-EUR,47,chr6,164757844,rs2322702,G,A,4,-0.02436800133379487,0.00436960129765958,31.099699736174554,2.451093055772008e-8,0.568018583179629,0.9037131355698004,0.9884951515936056,0.4336669822190712,0.44196371443065663,212981,329195,483165.1,542176,164620834,164905030
N06A-EUR,48,chr7,41201118,rs117268386,G,A,4,-0.05201044266131586,0.00905566171206423,32.98684040625098,9.278477863327516e-9,0.38550441594121254,0.9432203940237688,0.9941402141883108,0.06593404402443376,0.05805332846840826,212984,329200,483172.1,542184,40975006,41280745
N06A-EUR,49,chr7,147271052,rs10276382,A,G,4,-0.03285051156346889,0.00588019483712569,31.210508255817583,2.31509489828278e-8,11.726497124778003,0.00838127644548706,0.992334141668084,0.1625798332981186,0.16345796999043122,212979,329195,483162.1,542174,147098485,147432879
N06A-EUR,50,chr8,20823291,rs7839280,G,C,4,0.0336977546187372,0.00569674880833671,34.990309720084326,3.313502346767561e-9,3.675193386533148,0.2987407931465454,0.9971395453858772,0.178141007695486,0.17011091981421517,212982,329198,483168.1,542180,20530123,20936795
N06A-EUR,51,chr9,37348062,rs308499,C,G,4,-0.0268310625629022,0.0045087767788211,35.41263754905454,2.667504876334596e-9,2.183099770077759,0.5352848563296784,0.9872965089129464,0.3543155901559294,0.37720937829553913,212981,329195,483165.1,542176,36951613,37568466
N06A-EUR,52,chr9,117755884,rs10123941,C,T,4,-0.02911453436266063,0.00484165857299115,36.16024603078636,1.8174041334231295e-9,0.5822342839661029,0.9004871096179488,0.9866849699908607,0.7205615770789219,0.7247078252485578,212983,329199,483170.1,542182,117421983,117945338
N06A-EUR,4,chr10,104769693,rs17185757,C,T,4,-0.02981137237533259,0.00532613089858958,31.32854802561787,2.1785255457622164e-8,5.136753913035265,0.16205290071330034,0.9995128131108406,0.2129657323307494,0.20722134018639352,212983,329196,483168.1,542179,104601940,105425781
N06A-EUR,5,chr11,28621014,rs10767735,G,C,4,-0.02411336799844077,0.00440329676142243,29.988851689257213,4.3453741426408714e-8,3.475051933475249,0.3240122454161262,0.994024654997102,0.4063092285068935,0.40577644663668955,212952,329140,483088.1,542092,27975026,28719638
N06A-EUR,6,chr11,46210340,rs76400970,C,T,4,0.03862331536486382,0.0065736027588114,34.521701097399315,4.2152546946834366e-9,0.4039549115945272,0.9394242963379325,0.9901098940852898,0.12752011778349548,0.12026689234844366,212984,329201,483173.1,542185,45748439,47205943
N06A-EUR,7,chr11,57914356,rs641325,T,G,4,-0.02772675005273726,0.00452812351476533,37.49396808977975,9.169612348416083e-10,3.351445067841312,0.34054639265586106,0.9917142613432586,0.6314037771115734,0.6520375101063797,212981,329198,483166.1,542179,57555732,58145814
N06A-EUR,8,chr11,113050349,rs12576197,C,T,4,0.03392150934121082,0.00496113017833398,46.75080465276571,8.06118313556372e-12,8.20330099868145,0.04199173176434127,0.9983373365421208,0.3136192204787259,0.25560566584041866,212982,329199,483168.1,542181,112887744,113192261
N06A-EUR,9,chr11,113352855,rs61903989,G,T,4,-0.07841646395901769,0.01159261052423735,45.756418037994635,1.339098933880924e-11,0.02098043148950316,0.999196827992544,0.9863401965184598,0.03359847443223168,0.04013343353139163,212983,329196,483168.1,542179,113268199,113528731
N06A-EUR,10,chr12,57495294,rs7304550,G,A,4,-0.03021724333917517,0.00501937044045963,36.24191908746211,1.742811693737607e-9,6.334739157279577,0.09641285719307154,0.9911497959792376,0.25584342564554596,0.2507913541953904,212146,327836,481096.1,539982,57243810,57900561
N06A-EUR,11,chr13,62017125,rs201612995,A,AT,1,0.133717,0.0232002,33.2192475718151,8.233154406224448e-9,NA,NA,NA,0.0262447,0.0229875,106785,88536,193616,195321,61516076,62730049
N06A-EUR,12,chr14,69110357,rs61981648,C,G,3,-0.02851666818455237,0.00453959635427631,39.46054575529998,3.347550101248743e-10,2.152861539684963,0.34080978593457273,0.9954790986367748,0.3803175066553426,0.38771961288708456,204873,317760,464194,522633,68898538,69324591
N06A-EUR,13,chr14,102765710,rs11850852,C,G,4,0.03025233353740277,0.00528368753765442,32.78260843071545,1.0306281618759633e-8,5.198075603610366,0.15785453005342148,0.9960685972395108,0.22281372662737495,0.2074849332732329,212428,328339,481819.1,540767,102572046,103035636
N06A-EUR,14,chr15,66106610,rs6494553,G,A,4,-0.0262583315335925,0.00463414906973807,32.1065953771206,1.4594102786569032e-8,2.688172937250953,0.4422409229298354,0.985322190982633,0.6798784442634189,0.6634136479141922,212984,329201,483173.1,542185,66056645,66127836
N06A-EUR,15,chr15,86398673,rs16976763,A,C,4,-0.02751922002755348,0.00504752652551757,29.72453171500906,4.980060592528203e-8,7.251157550116015,0.06430909272933195,0.996710304483206,0.23403685819728703,0.25070027538336287,212979,329192,483160.1,542171,86202036,86560183
N06A-EUR,16,chr16,60637930,rs12149591,T,G,4,-0.02378352816481643,0.0043289498575573,30.184740745377532,3.9278773223575214e-8,6.357918892005127,0.09543743285878148,0.992779363397076,0.5064909395071931,0.5152476209204131,212984,329200,483172.1,542184,60549531,60711304
N06A-EUR,17,chr17,46775246,rs62074125,A,C,4,-0.02739824771225663,0.00499712116125047,30.061165641957487,4.186311528456616e-8,6.63377150295689,0.08453357484393127,0.9941708381330744,0.24666677811635776,0.25547217631280783,212981,329199,483167.1,542180,45856678,46908848
N06A-EUR,18,chr17,67964738,rs59956089,T,C,4,0.03967786446949187,0.0052300864515184,57.55444150100911,3.287527198030733e-14,8.883611936733313,0.03087902893265442,0.9763756994400812,0.2332031428014687,0.21645515977738827,212974,329183,483147.1,542157,67766225,68162811
N06A-EUR,19,chr18,37627749,rs62081501,G,A,4,0.04577511108442563,0.00772062794970184,35.15228530334014,3.049033847701842e-9,0.2961952201782289,0.9607424613125138,0.9967339679610446,0.08730189837825911,0.08304750438367066,212981,329199,483167.1,542180,37496379,37837642
N06A-EUR,20,chr18,52885080,rs12965339,C,A,4,0.03126559157255177,0.00444244722227356,49.53232875619139,1.9512958138766725e-12,1.1743431504577524,0.7591642299817886,0.99226160316902,0.38710913675269853,0.3892421615420601,212983,329196,483168.1,542179,52644845,53603553
N06A-EUR,21,chr18,54812282,rs10708455,CT,C,1,-0.0500482,0.0075977,43.39229723694861,4.4794799551557634e-11,NA,NA,NA,0.329269,0.339863,106785,88536,193616,195321,54367543,54976571
N06A-EUR,22,chr18,79819773,rs7236339,G,A,4,0.03253497619356806,0.00514567045120326,39.9776304301411,2.5688795356537617e-10,1.2073987156419574,0.7512303464923071,0.990665299224766,0.2364936402452767,0.22779354477825028,212984,329200,483172.1,542184,79789345,79956473
N06A-EUR,27,chr20,52622790,rs11481957,A,AT,2,0.03455974543741963,0.00585373815265187,34.85575434013713,3.55058616076948e-9,1.291181221748345,0.2558303806204379,1,0.6657676164184357,0.6546362312571694,150599,161275,302991,311874,52209807,52683421
N06A-EUR,53,chrX,24737118,rs4898299,A,G,4,0.02160465705354368,0.00374456147826117,33.28839247353378,7.945548912438613e-9,1.1724217828783896,0.7596260189270949,0.9875306890322432,0.4362551906316804,0.4152147734517097,212845,328782,482744.1,541627,24520789,25005351
N06A-EUR,54,chrX,54300291,rs181140848,T,G,1,0.0958349,0.0167651,32.676466800508855,1.0884712293397246e-8,NA,NA,NA,0.0385232,0.0340349,106785,88536,193616,195321,54174418,54325457
N06A-EUR,55,chrX,55154405,rs778412577,CTTTT,C,1,0.102583,0.0150387,46.52969434138547,9.024054056822068e-12,NA,NA,NA,0.0476706,0.042148,106785,88536,193616,195321,54433980,56474535
N06A-EUR,56,chrX,57509757,rs184532829,G,GT,1,0.113149,0.0163526,47.87709738810197,4.5379167752018336e-12,NA,NA,NA,0.0400758,0.0349943,106785,88536,193616,195321,56588614,58537184
N06A-EUR,57,chrX,62602338,rs9724517,T,G,2,-0.10106947080131626,0.01492222333667884,45.87466566845008,1.2606578297800318e-11,0.5078923170442836,0.476052682075501,1,0.9690033221200148,0.9759786110704404,150565,161186,302887,311751,62511663,66327002
N06A-EUR,58,chrX,67083844,rs190402638,C,G,1,0.10263,0.0178276,33.14079294644649,8.572131256860621e-9,NA,NA,NA,0.033583,0.0296499,106785,88536,193616,195321,67027519,68075219
N06A-EUR,59,chrX,84435558,rs11796880,T,G,2,0.02923082312637826,0.00532510518425606,30.131843902198025,4.036484872295041e-8,1.6460189860817829,0.1995016356023924,0.993695,0.22525043138532572,0.20334222079766268,161139,245066,354994,406205,83599954,84868419
N06A-SAS,1,chr10,117834794,rs139282667,C,T,1,0.500622,0.0891098,31.562320382895027,1.931410710943201e-8,NA,NA,1,0.207,0.14275,500,2000,1600,2500,117803475,117843606
N06AA-AFR,1,chr20,6265158,rs6117185,A,C,2,-0.00872136097685022,0.04018061936309037,0.0471124045769938,0.8281663236487152,30.31862240145601,3.665893843595074e-8,0.9969859506157508,0.09428267933491688,0.09436236741866004,4210,44105,15248.38,48315,6150950,6395793
N06AA-EUR,5,chr3,88474177,rs138315672,C,T,3,0.17160917113604524,0.02982089469095643,33.11613537182927,8.681528935253311e-9,1.9151592916687017,0.38382074478719114,0.9867215368936348,0.01499169885529791,0.01220487398776698,51105,295757,171743.1,346862,87533331,89350876
N06AA-EUR,1,chr10,62867876,rs10822073,G,C,3,-0.05633778484232038,0.01021660007794392,30.40792228470819,3.500954438974513e-8,6.945243507131441,0.03103555632445528,0.9944615265528056,0.13501957570005674,0.14141842094247567,51103,295753,171736.40000000002,346856,62701169,62998191
N06AA-EUR,2,chr11,113074311,rs11214476,T,C,2,0.05574873056847701,0.00926517939109325,36.20447885486585,1.776617725430595e-9,2.0411838098426713,0.15309046576221255,0.996825174344203,0.19323157409793815,0.1862473126887197,46560,281171,157884.1,327731,112887744,113189938
N06AA-EUR,3,chr18,13738008,rs140002390,A,C,1,0.418352,0.0752637,30.896733709269185,2.7212939464875412e-8,NA,NA,1,0.009923,0.006545,10582,105889,38482.3,116471,13605305,14224336
N06AA-EUR,4,chr22,44339680,rs190829193,C,G,3,0.2121036220464305,0.03797658756395914,31.193513444081365,2.3354515318059562e-8,0.07386909848959,0.9637392107440288,0.9759818763142798,0.00952361168183152,0.00753642608145849,51105,295758,171743.1,346863,44346465,44389737
N06AA-EUR,6,chrX,84433968,rs113504565,G,A,3,0.04439460755655004,0.00762711594324633,33.8797147987165,5.8626789385871926e-9,5.888394181022251,0.05264431146909129,0.9936866814734782,0.19654285250367465,0.18845414897567783,51025,295122,171463.30000000002,346147,83599954,84868419
N06AB-AFR,2,chr8,34653405,rs4487762,C,A,2,-0.11935969113499748,0.02022256681193725,34.83716574456818,3.584647860263394e-9,0.976861737277374,0.3229748227468974,0.9988900504676782,0.7113587646197046,0.7372473555449786,8191,39919,27167.6,48110,34141660,34758703
N06AB-AFR,1,chr10,84318115,rs11815600,G,C,2,-0.01884466630340213,0.08306745437750865,0.05146537004027732,0.8205327599949485,33.89147849649126,5.827337583277453e-9,0.996330104535673,0.01024400765306122,0.01101115874401436,8232,40096,27301,48328,83787568,84661081
N06AB-EUR,3,chr2,231000429,rs12105962,G,C,3,-0.00661872651407008,0.00730026445648656,0.8219997526052654,0.364596133250364,35.31017053064802,2.1502744359645317e-8,0.98485283593045,0.25174978667376585,0.252131738933709,65735,281124,210198.3,346859,230981047,231135443
N06AB-EUR,4,chr3,158284354,rs9814827,T,C,1,0.048521,0.0088518,30.046666754074693,4.2177289295900614e-8,NA,NA,0.994508,0.5779109999999998,0.563042,32274,178907,109367,211181,157875615,158816322
N06AB-EUR,1,chr14,68966963,rs927064,T,A,3,0.04545644320717358,0.00684531404968149,44.09650267685451,3.125789256528302e-11,0.9161035218964158,0.632514735797553,0.9887714176041192,0.6933942278577298,0.6839173330582511,65734,281128,210196.9,346862,68875533,69324247
N06AB-EUR,2,chr16,83448213,rs12448382,A,G,3,-0.03577677690570123,0.00646161894128468,30.65630016872878,3.0802480733012176e-8,0.12918793232585704,0.9374480217297092,0.96161051829866,0.4330026861850213,0.4380375905671183,65733,281123,210193.5,346856,83443927,83509917
N06AB-MID,1,chr14,63624511,rs34839242,T,TA,1,-1.1889,0.215399,30.465147745146112,3.399187200418964e-8,NA,NA,1,0.800926,0.917533,108,673,372.261,781,63624511,63624511
N06AB-SAS,1,chr6,12055249,rs72826042,C,T,2,0.34765039350368354,0.06164618142635138,31.803366234343983,1.7059681870719297e-8,0.3685066891705896,0.5438193777294252,0.8829243690271343,0.24956243667296787,0.21209705494843775,1058,6497,3637.55,7555,12009023,12169889
