dataset,Locus,MarkerName,Chromosome,Position,EA,NEA,EAF,Nsample,Ncohort,Effects,beta_0,se_0,beta_1,se_1,beta_2,se_2,beta_3,se_3,chisq_association,ndf_association,P,chisq_ancestry_het,ndf_ancestry_het,P-value_ancestry_het,chisq_residual_het,ndf_residual_het,P-value_residual_het,lnBF,Comments,CHR,start,end
N06A-DIV,1,rs1008431,1,213935953,G,C,0.445848,570913,15,+----+---++-+++,0.0085552,0.00997236,-0.344441,0.14239,0.0750475,0.103294,1.85962,0.524905,40.401,4,3.575859297705184e-8,28.9683,3,2.2740409178053473e-6,14.097,11,0.22767247581450037,14.7844,NA,1,213835284,213990332
N06A-DIV,2,rs2339515,2,22341421,T,G,0.385719,570895,15,++++-++++++-+++,0.020343,0.00899327,-0.079559,0.135952,-0.0144481,0.105887,-0.360199,0.428513,42.8044,4,1.1361438175892184e-8,0.874638,3,0.8315435240147954,9.1424,11,0.6087499678707483,15.9861,NA,2,21647496,22531078
N06A-DIV,3,rs59977751,3,16797012,G,A,0.140618,570906,15,--+-+---------+,-0.0329799,0.0100068,-0.0535813,0.14505,-0.0698672,0.125562,0.755807,0.51569,44.6786,4,4.637170953179982e-9,1.47899,3,0.687127847332567,6.176,11,0.8613665413481699,16.9232,NA,3,16664210,16880169
N06A-DIV,4,rs9845443,3,18657436,T,C,0.702127,570895,15,++-+--+++-+++-+,0.0178635,0.00984316,-0.0930241,0.141101,-0.00721892,0.10779,-1.3378,0.519537,78.2644,4,4.060639577090442e-16,8.16013,3,0.04281566808068692,12.7457,11,0.3102708023366541,33.7161,NA,3,18567986,18815248
N06A-DIV,5,rs35710087,3,43302871,A,AT,0.863764,536525,11,++?-++?-?++?-++,0.0771355,0.0582562,1.03516,0.99006,0.92023,0.485479,2.60849,1.42182,48.6899,4,6.77663339409421e-10,11.8237,3,0.00801214889338575,14.1083,7,0.04928832050667443,19.5492,NA,3,42365656,44173288
N06A-DIV,6,rs1129133,3,44491991,T,C,0.314419,557541,13,-+-+++?++--?+-+,0.0828467,0.0289766,1.22364,0.463001,0.314021,0.221822,0.888008,0.741377,49.5697,4,4.440593506255418e-10,14.103,3,0.00276825225446233,9.08058,9,0.4298694673761187,19.6549,NA,3,44180327,45015616
N06A-DIV,7,rs73078367,3,48670914,T,C,0.142181,557514,13,----+-?--+-?---,-0.0938802,0.0397411,-0.845262,0.75564,-0.786866,0.415121,0.756385,0.91215,49.7369,4,4.097696593539114e-10,7.6132,3,0.05472009849650388,15.4576,9,0.07910926289935297,19.7386,NA,3,48180863,49668079
N06A-DIV,8,rs12513045,4,140026941,C,T,0.324757,570910,15,+-+--+---++--+-,-0.00912246,0.0142323,-0.057319,0.210173,0.292392,0.167186,0.222018,0.716107,50.7023,4,2.5759357012591123e-10,6.08017,3,0.1077742627720648,20.1391,11,0.04346913039487615,19.9351,NA,4,139919809,140044014
N06A-DIV,9,rs325485,5,104659667,G,A,0.634453,570911,15,+---+----+---+-,-0.0190804,0.00965636,-0.255386,0.137341,0.115811,0.0942974,0.474425,0.524376,51.1654,4,2.061453998217592e-10,10.8376,3,0.01263724132920484,13.3198,11,0.27293830611995556,20.1666,NA,5,104408031,104782332
N06A-DIV,10,rs56405820,5,120795518,A,G,0.323778,570842,15,-+-++-++++-++++,0.0126221,0.010598,0.200313,0.154659,-0.104489,0.0961507,-0.84401,0.518372,44.8124,4,4.349525599121043e-9,11.7022,3,0.00847613745593947,12.0801,11,0.3576525878766875,16.9901,NA,5,120592934,120980359
N06A-DIV,11,rs7446574,5,165043834,G,A,0.560947,552304,14,++++++++?+--+++,0.0309284,0.00998195,0.114058,0.147828,-0.0109061,0.0931419,0.185306,0.489935,44.0775,4,6.182318839432826e-9,1.02586,3,0.7949949382202626,11.2408,10,0.3390678724072039,16.7607,NA,5,164964850,165337502
N06A-DIV,12,rs115196245,6,32810300,C,G,0.0341017,514351,7,?-?+?+?+-???+?-,-0.21185,0.126196,11.3406,3.13593,-6.66548,2.17164,0.443572,2.43257,53.519,4,6.636031684024755e-11,18.9767,3,2.764484952131701e-4,2.77517,3,0.4276037047250342,22.8677,NA,6,28510120,33480577
N06A-DIV,13,rs12204714,6,151914204,T,C,0.592835,570878,15,--+-+-----++---,-0.0230453,0.0125962,0.0379898,0.182765,-0.013294,0.120503,0.633458,0.635255,58.3801,4,6.350182266150577e-12,1.86926,3,0.599980378857046,20.5105,11,0.03881186820202671,23.7739,NA,6,151853097,152010995
N06A-DIV,14,rs7839280,8,20823291,C,G,0.186506,558003,14,-+-+--?++++++--,-0.0115631,0.0207077,-0.282819,0.339196,-0.310562,0.167055,-1.43809,0.553562,40.3645,4,3.6385829659246114e-8,10.9683,3,0.01189853026420696,5.3874,10,0.863843977614697,14.9041,NA,8,20661956,21308675
N06A-DIV,15,rs35017949,11,113030063,TA,T,0.490687,461517,14,++-?-----------,-0.0292154,0.00726731,-0.0217242,0.102135,0.273286,0.0674545,-0.832219,0.366596,53.7335,4,5.98418553147647e-11,12.7291,3,0.00526061776166157,5.63979,10,0.8445644947751799,21.5887,NA,11,112917749,113177709
N06A-DIV,16,rs61903989,11,113352855,T,G,0.0344082,552923,10,--?--+?--???--+,-0.0364872,0.0240077,0.757433,0.444599,0.274887,0.229007,0.719665,0.558551,47.9682,4,9.582998630716247e-10,0.584908,3,0.8998784826199824,0.941845,6,0.9877210577153696,19.3789,NA,11,113290360,113420953
N06A-DIV,17,rs7304550,12,57495294,A,G,0.24916,554255,14,+-+-+-?--+-+---,-0.0264116,0.016636,-0.328652,0.290535,0.0642916,0.16322,0.441546,0.544683,44.7814,4,4.414543116872891e-9,4.62148,3,0.20170714419197697,11.4213,10,0.32564996673843144,17.1126,NA,12,57240915,57886809
N06A-DIV,18,rs117661209,13,62089034,T,A,0.0180723,509125,6,?+?++??+-???-??,1.34492,0.458467,47.6756,12.8611,-1.5388,2.25452,44.9675,14.7074,40.9539,4,2.7475538615955625e-8,25.3934,3,1.277569208340273e-5,3.15032,2,0.20697443412227903,16.8934,NA,13,61550137,62680306
N06A-DIV,19,rs61981648,14,69110357,G,C,0.357917,538255,12,-----+?-?++?-++,-0.0122493,0.0239466,0.0581299,0.399127,0.163569,0.196083,0.346865,0.604536,43.1366,4,9.694048143364108e-9,2.2556,3,0.5210800880350948,7.49117,8,0.484680359753362,16.5985,NA,14,68898538,69324396
N06A-DIV,20,rs1862743,16,60709930,A,C,0.457764,570911,15,--+-+++---++--+,0.0462985,0.0129869,0.766414,0.206714,0.409987,0.112077,2.06627,0.479185,48.1157,4,8.927961395364392e-10,26.2161,3,8.593659522250613e-6,9.67197,11,0.5601125792107985,18.6418,NA,16,60550705,60711304
N06A-DIV,21,rs59956089,17,67964738,C,T,0.230408,570861,15,-+++++-+++--+--,0.0101989,0.0110587,0.0129802,0.163397,-0.206883,0.124772,-1.0918,0.544952,62.7197,4,7.773143611401907e-13,7.9361,3,0.04735095188217052,11.5283,11,0.400121850478135,25.9438,NA,17,67767251,68216846
N06A-DIV,22,rs7230446,18,53196809,A,G,0.462641,570904,15,+++++--++-+++-+,0.0129967,0.0223582,0.0840048,0.364128,-0.0504961,0.185296,-1.00527,0.68793,50.0956,4,3.4486547987395127e-10,6.92072,3,0.07446808699013457,18.411,11,0.07252096051036927,19.6317,NA,18,52678491,53528699
N06A-DIV,23,rs6566870,18,54808629,G,C,0.71793,570914,15,++-+-++++---+++,0.0290043,0.0130881,0.0399843,0.17494,-0.00961172,0.119154,-0.156852,0.72186,47.5894,4,1.1493490717996511e-9,0.314602,3,0.957259248550833,20.8972,11,0.03445187044636346,18.3786,NA,18,54653178,54880892
N06A-DIV,24,rs7236339,18,79819773,A,G,0.220018,570917,15,+++++--++++++++,0.0236692,0.0155106,0.0162993,0.216673,-0.137602,0.138012,0.0238638,0.786188,42.2576,4,1.4751514633122705e-8,2.03376,3,0.5654293404463154,17.6048,11,0.09121533647106196,15.7127,NA,18,79791586,79820712
N06A-DIV,25,rs2091746,23,24594282,A,G,0.609588,570526,15,--+-++--------+,-0.00172246,0.00755365,0.0454214,0.109944,-0.0204529,0.0746952,1.47705,0.387597,46.697,4,1.7633864558422395e-9,13.6114,3,0.00348478543081792,10.275,11,0.5058336129648269,17.9324,NA,X,24532244,24993257
N06A-DIV,26,rs9724517,23,62602338,G,T,0.941136,367626,6,+-?-+-?-???????,0.0543266,0.143155,1.75021,2.10325,1.3729,0.979843,2.24832,3.90521,44.8866,4,4.1977580146518415e-9,28.0865,3,3.483320670347576e-6,4.80605,2,0.09044394612549216,18.8598,NA,X,62513159,63588743
N06AA-DIV,2,rs10784052,12,60419474,G,C,0.304091,200246,10,+++++++++-,0.0178861,0.0271685,-0.900093,0.332607,-0.351411,0.725902,-4.91931,1.15073,47.8901,4,9.94904270173618e-10,33.8508,3,2.1302023411590202e-7,8.32942,6,0.2149487723138464,19.3399,NA,12,59728807,60898700
N06AB-DIV,1,rs74766704,2,3455419,A,G,0.0135595,260405,9,-+++?+--+?+,0.158692,0.0424279,1.36872,0.585836,-2.12806,0.66365,2.84451,1.87001,41.3767,4,2.2458992414416733e-8,14.9139,3,0.00189172532767605,5.4185,5,0.3669654307760935,16.2939,NA,2,3390659,3492791
N06AB-DIV,2,rs1656375,3,158565600,A,G,0.150481,261073,11,--+-+----++,-0.0117527,0.0184113,0.193472,0.14663,-0.101123,0.4289,2.51085,0.942689,42.0829,4,1.603446725231958e-8,6.24575,3,0.10024723762148134,5.97263,7,0.5429488339263383,16.2457,NA,3,158112929,158799345
N06AB-DIV,3,rs927064,14,68966963,A,T,0.71041,261083,11,-+++--+++-+,0.011063,0.0138927,0.20418,0.102045,0.191806,0.348705,-0.849828,0.650597,45.7319,4,2.800417725860517e-9,7.24524,3,0.06447862048158076,2.94887,7,0.8896915268066659,18.0702,NA,14,68898538,69312510
N06AB-DIV,4,rs8045989,16,83445457,C,T,0.533386,261047,11,-++++-+-+++,0.0294626,0.00952502,0.513876,0.0788867,-0.532239,0.220154,0.220316,0.474579,41.907,4,1.743870946295857e-8,19.3297,3,2.3366816784293505e-4,2.83533,7,0.8998061727218056,16.1577,NA,16,83443927,83509611
N06AB-DIV,5,rs6624508,23,70829477,A,G,0.403972,193544,10,-----+?----,-0.0824484,0.0164508,0.409273,0.174336,0.285945,0.441451,-1.32522,0.779593,43.5319,4,8.025161838383132e-9,17.5778,3,5.374396324155244e-4,5.94477,6,0.4294053817281002,17.1608,NA,X,70448613,71021855
N06AB-DIV,6,rs113661605,23,143961283,A,G,0.0706913,145840,6,--?+-++????,0.0960742,0.0661831,0.676098,0.487673,2.37159,1.17266,10.0091,3.17997,41.3465,4,2.2784822128681412e-8,29.7691,3,1.543337611581555e-6,2.11398,2,0.3475002133571738,17.0897,NA,X,143889504,144077530
