chrom,pos,phenotype
16,82660408,MDD
16,82660570,antidep
10,106400859,MDD
10,106401048,antidep
18,49866542,MDD
18,49866567,antidep
18,52889562,MDD
18,52889416,antidep
6,151977826,MDD
6,151977826,antidep
9,23690102,MDD
9,23690102,antidep
5,166711804,MDD
5,166406034,antidep
9,119187504,MDD
9,119185391,antidep
3,16844159,MDD
3,16844159,antidep
9,36833272,MDD
9,36833266,antidep
4,140637907,MDD
4,140637907,antidep
7,1855429,MDD
7,1855429,antidep
7,73868120,MDD
7,73868120,antidep
18,52385091,MDD
18,52385091,antidep
14,69517598,MDD
14,69517598,antidep
16,72816784,MDD
16,72816784,antidep
2,124782864,MDD
2,124782864,antidep
15,66187417,MDD
15,66187417,antidep
3,43396351,MDD
3,43396351,antidep
17,65821640,MDD
17,65821619,antidep
3,157823644,MDD
3,157823644,antidep
13,93879095,MDD
13,93879060,antidep
1,66258197,MDD
1,66258197,antidep
8,13947373,MDD
8,13942354,antidep
3,44481262,MDD
3,44473197,antidep
20,62783144,MDD
20,62733747,antidep
12,58176372,MDD
12,58176544,antidep
11,132284871,MDD
11,132284871,antidep
3,50192478,antidep
7,13930853,MDD
3,48673896,antidep
12,16500076,MDD
3,43731600,antidep
9,125703112,MDD
3,50304990,antidep
6,26402465,antidep
12,58162254,antidep
1,215796236,MDD
6,117639374,MDD
16,12070594,MDD
12,16701307,MDD
6,157099063,MDD
12,123636867,MDD
1,241753404,MDD
12,78224685,MDD
3,48725436,antidep
14,69340845,antidep
15,63613577,antidep
2,143848931,MDD
7,117350705,MDD
16,6069095,MDD
1,52254863,MDD
7,135046547,MDD
14,69658215,antidep
5,88013975,MDD
7,121958481,MDD
2,27265232,antidep
5,77656339,MDD
16,56225302,MDD
11,65818200,antidep
12,117645947,MDD
2,173600002,MDD
8,77593454,MDD
22,23401593,MDD
14,69725994,antidep
20,44746911,MDD
20,45837859,MDD
20,61975420,MDD
18,34823003,antidep
13,80055287,MDD
13,99102455,MDD
13,42614176,MDD
13,53602948,antidep
16,49521435,MDD
16,87863629,MDD
15,63900817,antidep
7,32535038,MDD
7,21467652,MDD
7,21582833,MDD
7,12250867,MDD
7,16793160,MDD
7,132469629,MDD
9,132934857,MDD
10,104263744,MDD
10,80828792,MDD
17,44839872,antidep
17,31340105,MDD
11,15987995,MDD
12,110011060,antidep
12,58156117,antidep
12,112204691,MDD
12,22216707,MDD
6,26440700,antidep
6,163148164,MDD
6,26458132,antidep
5,26880709,MDD
5,92953775,MDD
3,48555117,antidep
3,48601506,antidep
3,48782030,antidep
3,49314577,antidep
3,50229043,antidep
3,50263724,antidep
3,71003844,MDD
2,27593363,antidep
2,27604062,antidep
2,58386378,MDD
2,172640880,MDD
1,41086351,MDD
16,72146056,MDD
14,75348594,MDD
2,27255778,antidep
2,38521096,antidep
6,150070579,MDD
13,37523912,MDD
8,22298332,MDD
7,8473585,MDD
12,58165275,antidep
9,91926113,MDD
20,47662849,MDD
6,26383324,antidep
6,26500531,antidep
6,27093676,antidep
14,104028233,MDD
17,38214543,MDD
17,2308856,MDD
7,111366166,MDD
7,113726382,MDD
7,108210012,MDD
2,241653181,MDD
17,65714047,antidep
14,103243786,antidep
17,27206353,MDD
13,25946209,MDD
7,140152840,MDD
1,201592411,MDD
10,5931535,MDD
12,23682440,MDD
12,58191159,antidep
7,6485584,MDD
7,14184674,MDD
2,161993419,MDD
9,107379529,antidep
9,120466453,antidep
9,101050391,antidep
6,391739,MDD
15,47476298,MDD
2,27321757,antidep
2,27309615,antidep
2,27353624,antidep
2,27422455,antidep
2,27301483,antidep
2,175212750,MDD
4,123073488,MDD
12,11802788,MDD
12,39040624,MDD
12,109991520,antidep
15,88418230,MDD
15,91411822,MDD
16,53737875,MDD
18,60190240,MDD
1,8412457,MDD
1,175913967,MDD
1,227057885,MDD
2,27346657,antidep
2,137523115,MDD
2,154728426,MDD
2,226265364,MDD
3,2140497,MDD
3,28616282,antidep
3,61547243,MDD
3,44619715,antidep
3,49454211,antidep
3,49449645,antidep
3,49459766,antidep
3,48599151,antidep
4,20253528,antidep
4,164445450,MDD
5,19473060,MDD
5,148737570,MDD
6,5261277,MDD
6,26597181,antidep
6,123317380,antidep
1,35734568,MDD
7,3341080,MDD
9,37120571,antidep
10,77360998,MDD
10,104678050,MDD
11,113185301,antidep
11,112831969,antidep
11,113280327,antidep
11,61567099,MDD
11,126293254,MDD
20,44802372,MDD
11,98891683,MDD
4,176554085,MDD
11,83166055,MDD
12,2079952,MDD
12,109915207,MDD
3,65339200,MDD
14,33404139,MDD
2,15307032,MDD
18,42260138,MDD
2,112656184,antidep
9,8314246,MDD
7,157331750,MDD
7,133812052,MDD
12,57939809,antidep
4,80146848,MDD
11,57435219,MDD
3,54156574,MDD
12,121200313,MDD
7,4836686,antidep
7,69063905,MDD
21,37507210,MDD
17,27717381,antidep
11,70313961,MDD
1,50513686,MDD
1,61330931,MDD
4,46995740,MDD
3,43328004,antidep
2,27371872,antidep
2,27530268,antidep
2,27600102,antidep
3,44779153,antidep
3,44803213,antidep
3,44916100,antidep
3,44956749,antidep
4,101316498,MDD
3,48473574,antidep
3,48488114,antidep
3,48509197,antidep
3,49591910,antidep
3,49711447,antidep
3,49726971,antidep
3,49895421,antidep
3,49924435,antidep
4,118954773,MDD
6,130465460,MDD
10,18429606,MDD
14,103389000,antidep
6,31865562,antidep
16,15528152,MDD
18,30517366,MDD
6,27878963,antidep
6,32812986,antidep
6,32008930,antidep
2,140988992,MDD
11,88237744,MDD
4,16503164,MDD
15,77905369,MDD
9,136895427,MDD
3,44903396,antidep
3,44690224,antidep
11,113258501,antidep
2,185463093,MDD
4,47849257,MDD
5,155297354,MDD
2,29072687,MDD
3,49158547,antidep
3,49145479,antidep
3,49133365,antidep
8,65500320,MDD
3,49506136,antidep
3,49235861,antidep
3,49721380,antidep
3,49754277,antidep
3,44283378,antidep
20,39807088,MDD
9,27948076,MDD
7,2719156,MDD
11,65837743,antidep
12,57923416,antidep
12,58213710,antidep
11,65808236,antidep
11,65784223,antidep
3,49754262,antidep
3,49761727,antidep
7,1878222,MDD
3,49199968,antidep
3,48956254,antidep
7,108194987,MDD
22,24981588,antidep
3,49061758,antidep
3,158288952,antidep
3,49057892,antidep
3,49052921,antidep
3,49044495,antidep
18,77557938,antidep
3,49027322,antidep
12,57998405,antidep
3,48894359,antidep
2,212240446,MDD
3,44536339,antidep
3,44379611,antidep
6,32627244,antidep
13,92050929,MDD
3,50316518,antidep
7,126078652,MDD
7,48211055,MDD
2,50145643,MDD
5,170814120,MDD
6,26634611,antidep
3,114056941,MDD
3,49842642,antidep
11,369796,MDD
17,66031752,antidep
11,131240373,MDD
6,26538594,antidep
10,12391481,MDD
8,2792875,MDD
7,71244476,MDD
10,67672276,MDD
3,49866034,antidep
13,66876967,MDD
6,27834570,antidep
22,31089769,MDD
3,75955846,MDD
6,27775257,antidep
5,53179775,MDD
6,161768452,MDD
22,50702142,MDD
1,245912642,MDD
3,115521235,MDD
3,49840694,antidep
4,20730239,MDD
3,49209031,antidep
9,98205262,MDD
2,27359716,antidep
3,44771088,antidep
3,44626380,antidep
6,26365387,antidep
7,82383329,MDD
17,65987215,antidep
9,107331449,antidep
7,77646393,MDD
11,24518516,MDD
3,49828165,antidep
9,140201348,MDD
6,105404923,MDD
6,26055968,antidep
6,64429876,MDD
3,49306029,antidep
3,50242679,antidep
6,124125286,MDD
17,11144580,MDD
12,40590546,MDD
6,32545679,antidep
3,44596685,antidep
3,131252399,antidep
1,216676588,MDD
3,44754135,antidep
6,32595956,antidep
6,27775951,antidep
6,27100822,antidep
10,75532049,MDD
16,21608539,MDD
6,27858093,antidep
22,46449749,MDD
6,27791870,antidep
15,63889552,antidep
4,3076408,MDD
3,177990720,MDD
2,215114764,MDD
1,181382238,MDD
3,49067140,antidep
11,57520715,antidep
3,193310933,MDD
10,7200586,MDD
6,147830063,MDD
1,174417102,antidep
6,40312083,MDD
2,233562009,MDD
6,32808494,antidep
6,32789610,antidep
6,32162620,antidep
6,32146182,antidep
6,32135989,antidep
6,32116136,antidep
6,31867390,antidep
6,31847536,antidep
6,31830969,antidep
6,31825436,antidep
6,31795515,antidep
6,31783320,antidep
6,31777396,antidep
6,31765173,antidep
6,31745295,antidep
6,31733367,antidep
6,31707454,antidep
6,31686371,antidep
6,31686425,antidep
6,31654739,antidep
6,31674643,antidep
6,31654732,antidep
6,31644461,antidep
6,31633004,antidep
6,31629005,antidep
6,31626075,antidep
6,31620193,antidep
6,31606805,antidep
6,31588492,antidep
6,31582994,antidep
6,31556672,antidep
6,31553901,antidep
3,48711277,antidep
3,48507210,antidep
6,31698358,antidep
6,31694815,antidep
15,91565849,MDD
10,75545364,antidep
15,34817296,antidep
4,183065140,MDD
6,32121218,antidep
1,37728340,MDD
6,31982572,antidep
3,48663156,antidep
9,13446490,MDD
2,145425534,MDD
6,31539831,antidep
3,7994492,MDD
1,72767155,MDD
6,31548302,antidep
1,177362423,MDD
9,2907073,MDD
2,34902646,MDD
20,58662895,MDD
6,19802395,MDD
2,27293340,antidep
2,144052990,MDD
6,31730773,antidep
3,18486516,MDD
2,22167481,MDD
8,130363937,MDD
1,213991094,MDD
11,131123317,MDD
1,201657387,MDD
3,48481667,antidep
6,32723875,antidep
6,31543342,antidep
1,8484705,MDD
2,21444047,MDD
1,84041459,MDD
17,46626992,MDD
3,49394609,MDD
6,27806323,antidep
9,109040673,MDD
13,78493824,MDD
1,173833038,MDD
20,50827184,MDD
3,193296601,MDD
3,49215067,antidep
9,17048917,MDD
9,96192624,MDD
1,89003196,MDD
7,104581510,MDD
16,12995477,MDD
6,32709168,antidep
2,164606083,MDD
6,31637944,antidep
6,32811913,antidep
3,70048728,MDD
12,58003963,antidep
6,32780540,antidep
6,32132372,antidep
5,163723702,MDD
6,32902406,antidep
6,31895475,antidep
6,31683125,antidep
5,87972036,MDD
5,3417266,MDD
4,97231852,MDD
5,125412493,MDD
4,79892902,MDD
5,151998525,MDD
5,117260703,MDD
6,32781544,antidep
5,87988462,MDD
6,31674681,antidep
5,117803851,MDD
5,103718999,MDD
8,64599737,MDD
8,92555152,MDD
11,29357425,MDD
11,15665431,MDD
11,57509251,antidep
11,126936897,MDD
6,31707797,antidep
11,134306367,MDD
6,31679548,antidep
14,104029299,MDD
12,103474728,MDD
12,58166443,antidep
12,54747576,MDD
12,54747445,MDD
6,32121622,antidep
14,42832186,MDD
14,42057064,MDD
12,56032696,MDD
14,98534577,MDD
15,47651627,MDD
2,10179219,MDD
5,124828954,MDD
16,15489611,MDD
16,21638063,MDD
15,74200424,MDD
6,31633879,antidep
19,31839787,MDD
18,77552726,MDD
14,104160897,MDD
9,13406379,MDD
2,57982563,MDD
2,226563230,MDD
NA,NA,MDD
6,27798952,antidep
6,27782800,antidep
6,27861203,antidep
6,27840926,antidep
NA,NA,MDD
6,27805658,antidep
6,27839623,antidep
9,107366952,antidep
6,27782080,antidep
6,27833095,antidep
9,107360738,antidep
6,27860477,antidep
6,27777829,antidep
NA,NA,MDD
NA,NA,MDD
3,49454210,antidep
3,28390669,antidep
12,52207705,antidep
NA,NA,MDD
9,120466435,antidep
6,32118272,antidep
NA,NA,MDD
NA,NA,MDD
NA,NA,MDD
NA,NA,MDD
NA,NA,MDD
3,71008377,antidep
NA,NA,MDD
7,1855440,antidep
NA,NA,MDD
NA,NA,MDD
NA,NA,MDD
6,31591651,antidep
