"CHR","BP_START","BP_END","CS_ID","CS_LENGTH","CS_PURITY","MAX_PIP_SNP","BP","REF_ALLELE_AFR","REF_ALLELE_SAS","REF_ALLELE_EUR","ALT_ALLELE_AFR","ALT_ALLELE_SAS","ALT_ALLELE_EUR","REF_FRQ_AFR","REF_FRQ_SAS","REF_FRQ_EUR","BETA_AFR","BETA_SAS","BETA_EUR","SE_AFR","SE_SAS","SE_EUR","-LOG10P_AFR","-LOG10P_SAS","-LOG10P_EUR","MAX_PIP","POST-HOC_PROB_POP_AFR","POST-HOC_PROB_POP_SAS","POST-HOC_PROB_POP_EUR"
7,41140716,41340716,1,2,0.809697,"rs117268386",41240716,"G","G","G","A","A","A","0.993966","0.990388","0.95567","0.0569454","0.0286675","0.0283741","0.0457299","0.0950469","0.00494028","0.671542","0.117506","8.03251",0.941076,0.466582,0.317532,0.998033
14,69477074,69677074,1,45,0.890419,"rs61981648",69577074,"C","NA","NA","G","NA","NA","0.6086","NA","NA","0.0130876","NA","NA","0.00208343","NA","NA","9.47528","NA","NA",0.11892,0.999964,0.499898,0.49329
2,22470074,22670074,1,21,0.672913,"rs1463979",22570074,"A","NA","NA","G","NA","NA","0.6154","NA","NA","-0.0134859","NA","NA","0.00209012","NA","NA","9.95771","NA","NA",0.135364,0.998782,0.499908,0.497986
5,30725684,30925684,1,9,0.905275,"rs4406147",30834106,"C","NA","NA","G","NA","NA","0.4175","NA","NA","-0.0118656","NA","NA","0.00206195","NA","NA","8.06109","NA","NA",0.288641,0.999878,0.499936,0.331756
18,35107712,35307712,1,9,0.636835,"rs62081501",35207712,"G","NA","G","A","NA","A","0.92101","NA","0.991107","-0.0223518","NA","0.0277437","0.00376996","NA","0.0377229","8.51583","NA","0.335304",0.407466,0.999095,0.486129,0.42593
3,16751665,16962555,1,1,1,"rs35992988",16851665,"C","NA","NA","T","NA","NA","0.8804","NA","NA","0.0193145","NA","NA","0.00313364","NA","NA","9.14808","NA","NA",0.997465,0.998745,0.499801,0.499821
9,37248059,37448059,1,10,0.931617,"rs308499",37348059,"C","NA","NA","G","NA","NA","0.6019","NA","NA","0.0123616","NA","NA","0.00207729","NA","NA","8.57391","NA","NA",0.225588,0.999997,0.484197,0.499991
1,190528084,190728084,1,6,0.924333,"rs114335870",190646224,"C","NA","C","T","NA","T","0.98882","NA","0.96542","-0.152935","NA","-0.0306418","0.0881999","NA","0.00556524","1.08131","NA","7.43506",0.441564,0.507397,0.428725,0.999245
10,106429451,106629451,1,16,0.735777,"rs61867292",106558859,"NA","NA","G","NA","NA","A","NA","NA","0.8013","NA","NA","0.0137408","NA","NA","0.00254834","NA","NA","7.15704",0.189725,0.444997,0.295385,0.996711
17,44752612,44952612,1,1,1,"rs62074125",44852612,"A","A","A","C","C","C","0.5371","0.96737","0.7474","-0.00870755","0.00370775","0.0128311","0.0185984","0.0199335","0.00234024","0.194057","0.0693359","7.37815",0.999602,0.296817,0.279135,0.999967
4,20225515,20425515,1,3,0.968704,"rs10938795",20325515,"NA","NA","A","NA","NA","T","NA","NA","0.445","NA","NA","-0.0111745","NA","NA","0.00204611","NA","NA","7.32562",0.691901,0.517077,0.498918,0.998519
6,26304958,26504958,1,84,0.900191,"rs13220261",26499185,"C","C","C","T","T","T","0.9631","0.95836","0.8827","-0.0186341","0.00278167","0.0183613","0.0491925","0.0177284","0.00316009","0.151911","0.0578332","8.2053",0.0873156,0.275742,0.29302,1
11,28542561,28742561,1,110,0.858028,"rs10767735",28642561,"NA","G","NA","NA","C","NA","NA","0.606","NA","NA","0.0113959","NA","NA","0.00208099","NA","NA","7.36198","NA",0.0544848,0.51349,0.999854,0.465471
12,58122672,58322672,1,27,0.708917,"rs10877024",58226709,"NA","C","NA","NA","T","NA","NA","0.6898","NA","NA","0.0129552","NA","NA","0.00219822","NA","NA","8.42233","NA",0.123329,0.500225,0.999986,0.474242
16,60571834,60771834,1,13,0.933577,"rs1862743",60743834,"C","C","NA","A","A","NA","0.663","0.513","NA","-0.0532299","0.0107625","NA","0.019619","0.00203438","NA","2.17627","6.91332","NA",0.370078,0.612957,0.999782,0.423629
