"CHR","BP_START","BP_END","CS_ID","SNP","BP","REF_ALLELE_AFR","REF_ALLELE_SAS","REF_ALLELE_EUR","ALT_ALLELE_AFR","ALT_ALLELE_SAS","ALT_ALLELE_EUR","REF_FRQ_AFR","REF_FRQ_SAS","REF_FRQ_EUR","BETA_AFR","BETA_SAS","BETA_EUR","SE_AFR","SE_SAS","SE_EUR","-LOG10P_AFR","-LOG10P_SAS","-LOG10P_EUR","CS_PIP","OVRL_PIP"
7,41140716,41340716,1,"rs117268386",41240716,"G","G","G","A","A","A","0.993966","0.990388","0.95567","0.0569454","0.0286675","0.0283741","0.0457299","0.0950469","0.00494028","0.671542","0.117506","8.03251",0.941076,0.941076
7,41140716,41340716,1,"rs79159452",41224328,"C","NA","C","T","NA","T","0.991779","NA","0.93793","0.0454916","NA","0.0210534","0.0392211","NA","0.00421433","0.60889","NA","6.23186",0.0436576,0.0436576
14,69477074,69677074,1,"rs61981648",69577074,"C","NA","NA","G","NA","NA","0.6086","NA","NA","0.0130876","NA","NA","0.00208343","NA","NA","9.47528","NA","NA",0.11892,0.11892
14,69477074,69677074,1,"rs10133341",69652221,"A","NA","NA","C","NA","NA","0.3919","NA","NA","-0.0126081","NA","NA","0.00208295","NA","NA","8.84717","NA","NA",0.0352014,0.0352014
14,69477074,69677074,1,"rs61741172",69521345,"G","NA","NA","A","NA","NA","0.643","NA","NA","0.0127619","NA","NA","0.00212234","NA","NA","8.73998","NA","NA",0.0332576,0.0332576
14,69477074,69677074,1,"rs10133226",69652125,"A","NA","NA","T","NA","NA","0.3919","NA","NA","-0.0125854","NA","NA","0.00208295","NA","NA","8.81782","NA","NA",0.0332035,0.0332035
14,69477074,69677074,1,"rs1275420",69620920,"A","NA","NA","G","NA","NA","0.6085","NA","NA","0.0125624","NA","NA","0.00208333","NA","NA","8.7851","NA","NA",0.0307344,0.0307344
14,69477074,69677074,1,"rs11848820",69658733,"T","NA","NA","A","NA","NA","0.3917","NA","NA","-0.0125513","NA","NA","0.00208314","NA","NA","8.77237","NA","NA",0.0302034,0.0302034
14,69477074,69677074,1,"rs35686041",69554861,"T","NA","NA","A","NA","NA","0.6083","NA","NA","0.0125618","NA","NA","0.00208314","NA","NA","8.78584","NA","NA",0.0301379,0.0301379
14,69477074,69677074,1,"rs1959759",69632877,"A","NA","NA","G","NA","NA","0.3573","NA","NA","-0.0126825","NA","NA","0.00212194","NA","NA","8.64303","NA","NA",0.0283393,0.0283393
14,69477074,69677074,1,"rs3046666",69629100,"C","NA","NA","CAA","NA","NA","0.3563","NA","NA","-0.012665","NA","NA","0.00212327","NA","NA","8.61112","NA","NA",0.0267059,0.0267059
14,69477074,69677074,1,"rs7157772",69641740,"G","NA","NA","T","NA","NA","0.3913","NA","NA","-0.0124589","NA","NA","0.00208352","NA","NA","8.65067","NA","NA",0.0237564,0.0237564
14,69477074,69677074,1,"rs2014607",69589658,"T","NA","NA","G","NA","NA","0.643","NA","NA","0.0126078","NA","NA","0.00212234","NA","NA","8.54644","NA","NA",0.0228463,0.0228463
14,69477074,69677074,1,"rs17836099",69588045,"G","NA","NA","A","NA","NA","0.6431","NA","NA","0.0126032","NA","NA","0.00212247","NA","NA","8.53975","NA","NA",0.0225566,0.0225566
14,69477074,69677074,1,"rs1710988",69579768,"A","NA","NA","C","NA","NA","0.6088","NA","NA","0.0124492","NA","NA","0.00208362","NA","NA","8.63755","NA","NA",0.0224911,0.0224911
14,69477074,69677074,1,"rs1275410",69594531,"C","NA","NA","T","NA","NA","0.643","NA","NA","0.0125995","NA","NA","0.00212234","NA","NA","8.53612","NA","NA",0.0223849,0.0223849
14,69477074,69677074,1,"rs17836065",69526567,"C","NA","NA","T","NA","NA","0.644","NA","NA","0.0125815","NA","NA","0.00212367","NA","NA","8.50385","NA","NA",0.0209173,0.0209173
14,69477074,69677074,1,"rs35632281",69570462,"C","NA","NA","G","NA","NA","0.6428","NA","NA","0.0125649","NA","NA","0.00212208","NA","NA","8.49498","NA","NA",0.020517,0.020517
14,69477074,69677074,1,"rs1275405",69592209,"A","NA","NA","G","NA","NA","0.6431","NA","NA","0.0125615","NA","NA","0.00212247","NA","NA","8.48783","NA","NA",0.0203295,0.0203295
14,69477074,69677074,1,"rs1275412",69594951,"C","NA","NA","T","NA","NA","0.643","NA","NA","0.0125509","NA","NA","0.00212234","NA","NA","8.47556","NA","NA",0.0197473,0.0197473
14,69477074,69677074,1,"rs1275409",69594197,"T","NA","NA","A","NA","NA","0.643","NA","NA","0.0125423","NA","NA","0.00212234","NA","NA","8.46488","NA","NA",0.019418,0.019418
14,69477074,69677074,1,"rs7151090",69638722,"T","NA","NA","C","NA","NA","0.3569","NA","NA","-0.0125261","NA","NA","0.00212247","NA","NA","8.44385","NA","NA",0.019003,0.019003
14,69477074,69677074,1,"rs7150127",69640117,"C","NA","NA","A","NA","NA","0.3569","NA","NA","-0.0125227","NA","NA","0.00212247","NA","NA","8.43959","NA","NA",0.0188517,0.0188517
14,69477074,69677074,1,"rs7151827",69640328,"T","NA","NA","C","NA","NA","0.357","NA","NA","-0.0125178","NA","NA","0.00212234","NA","NA","8.43451","NA","NA",0.0186532,0.0186532
14,69477074,69677074,1,"rs1275408",69594182,"A","NA","NA","G","NA","NA","0.6431","NA","NA","0.0125194","NA","NA","0.00212247","NA","NA","8.43549","NA","NA",0.0183198,0.0183198
14,69477074,69677074,1,"rs1147479",69609498,"T","NA","NA","C","NA","NA","0.6428","NA","NA","0.0125125","NA","NA","0.00212208","NA","NA","8.42989","NA","NA",0.0180131,0.0180131
14,69477074,69677074,1,"rs1275418",69617936,"G","NA","NA","C","NA","NA","0.643","NA","NA","0.0125057","NA","NA","0.00212234","NA","NA","8.41954","NA","NA",0.0176106,0.0176106
14,69477074,69677074,1,"rs4899284",69650845,"A","NA","NA","G","NA","NA","0.3568","NA","NA","-0.0124841","NA","NA","0.0021226","NA","NA","8.39083","NA","NA",0.0171731,0.0171731
14,69477074,69677074,1,"rs61981649",69577140,"G","NA","NA","A","NA","NA","0.6429","NA","NA","0.0124893","NA","NA","0.00212221","NA","NA","8.40024","NA","NA",0.0169858,0.0169858
14,69477074,69677074,1,"rs4899289",69675522,"G","NA","NA","C","NA","NA","0.3862","NA","NA","-0.0123626","NA","NA","0.0020885","NA","NA","8.49054","NA","NA",0.0169814,0.0169814
14,69477074,69677074,1,"rs61981647",69574712,"T","NA","NA","C","NA","NA","0.6429","NA","NA","0.0124837","NA","NA","0.00212221","NA","NA","8.39329","NA","NA",0.0167466,0.0167466
14,69477074,69677074,1,"rs1147478",69614979,"G","NA","NA","A","NA","NA","0.6429","NA","NA","0.0124448","NA","NA","0.00212221","NA","NA","8.34522","NA","NA",0.0151832,0.0151832
14,69477074,69677074,1,"rs2102923",69662105,"A","NA","NA","G","NA","NA","0.3828","NA","NA","-0.0122783","NA","NA","0.00209197","NA","NA","8.35875","NA","NA",0.0131548,0.0131548
14,69477074,69677074,1,"rs12888526",69661671,"T","NA","NA","C","NA","NA","0.3838","NA","NA","-0.0122687","NA","NA","0.00209094","NA","NA","8.35429","NA","NA",0.0130276,0.0130276
14,69477074,69677074,1,"rs12887465",69661809,"C","NA","NA","T","NA","NA","0.3839","NA","NA","-0.0122588","NA","NA","0.00209084","NA","NA","8.34274","NA","NA",0.0127341,0.0127341
14,69477074,69677074,1,"rs6573875",69659757,"A","NA","NA","C","NA","NA","0.3842","NA","NA","-0.0122539","NA","NA","0.00209053","NA","NA","8.33885","NA","NA",0.0126681,0.0126681
14,69477074,69677074,1,"rs7158145",69581898,"C","NA","C","G","NA","G","0.6087","NA","0.8193","0.0125235","NA","-0.0105607","0.00208352","NA","0.0241017","8.73361","NA","0.179627",0.0125097,0.0125097
14,69477074,69677074,1,"rs2102924",69662117,"C","NA","NA","T","NA","NA","0.383","NA","NA","-0.0122535","NA","NA","0.00209176","NA","NA","8.32923","NA","NA",0.0124155,0.0124155
14,69477074,69677074,1,"rs10134554",69661134,"T","NA","NA","C","NA","NA","0.3838","NA","NA","-0.0122459","NA","NA","0.00209094","NA","NA","8.32582","NA","NA",0.0123135,0.0123135
14,69477074,69677074,1,"rs2090712",69663092,"C","NA","NA","T","NA","NA","0.384","NA","NA","-0.012239","NA","NA","0.00209073","NA","NA","8.31871","NA","NA",0.012197,0.012197
14,69477074,69677074,1,"rs2331953",69662610,"A","NA","NA","G","NA","NA","0.3839","NA","NA","-0.0122401","NA","NA","0.00209084","NA","NA","8.31927","NA","NA",0.0121693,0.0121693
14,69477074,69677074,1,"rs4902699",69659659,"G","NA","NA","A","NA","NA","0.3842","NA","NA","-0.0122319","NA","NA","0.00209053","NA","NA","8.31136","NA","NA",0.011997,0.011997
14,69477074,69677074,1,"rs6573877",69659996,"A","NA","NA","G","NA","NA","0.3842","NA","NA","-0.0122243","NA","NA","0.00209053","NA","NA","8.30177","NA","NA",0.0117715,0.0117715
14,69477074,69677074,1,"rs6573876",69659845,"A","NA","NA","G","NA","NA","0.3842","NA","NA","-0.0122198","NA","NA","0.00209053","NA","NA","8.29624","NA","NA",0.0116434,0.0116434
14,69477074,69677074,1,"rs2090711",69662325,"G","NA","NA","A","NA","NA","0.384","NA","NA","-0.0122082","NA","NA","0.00209073","NA","NA","8.28028","NA","NA",0.0112574,0.0112574
14,69477074,69677074,1,"rs10150493",69671749,"T","NA","NA","C","NA","NA","0.384","NA","NA","-0.0121944","NA","NA","0.00209073","NA","NA","8.26305","NA","NA",0.0109958,0.0109958
14,69477074,69677074,1,"rs10139153",69666672,"A","NA","NA","G","NA","NA","0.3843","NA","NA","-0.0121384","NA","NA","0.00209043","NA","NA","8.19569","NA","NA",0.00958141,0.00958141
2,22470074,22670074,1,"rs1463979",22570074,"A","NA","NA","G","NA","NA","0.6154","NA","NA","-0.0134859","NA","NA","0.00209012","NA","NA","9.95771","NA","NA",0.135364,0.135364
2,22470074,22670074,1,"rs12620364",22562609,"G","NA","NA","A","NA","NA","0.622","NA","NA","-0.0133839","NA","NA","0.00209707","NA","NA","9.75807","NA","NA",0.119204,0.119204
2,22470074,22670074,1,"rs2339515",22564293,"G","NA","NA","T","NA","NA","0.6222","NA","NA","-0.0133711","NA","NA","0.00209729","NA","NA","9.73881","NA","NA",0.116431,0.116431
2,22470074,22670074,1,"rs67446571",22554648,"A","NA","NA","G","NA","NA","0.6168","NA","NA","-0.0133614","NA","NA","0.00209156","NA","NA","9.77524","NA","NA",0.10874,0.10874
2,22470074,22670074,1,"rs12614708",22568238,"C","NA","NA","A","NA","NA","0.6221","NA","NA","-0.0133201","NA","NA","0.00209718","NA","NA","9.67095","NA","NA",0.102743,0.102743
2,22470074,22670074,1,"rs1995812",22569369,"G","NA","NA","A","NA","NA","0.6221","NA","NA","-0.0132353","NA","NA","0.00209718","NA","NA","9.55709","NA","NA",0.0840513,0.0840513
2,22470074,22670074,1,"rs58184964",22558876,"G","NA","NA","A","NA","NA","0.6159","NA","NA","-0.0132451","NA","NA","0.00209063","NA","NA","9.62596","NA","NA",0.0818678,0.0818678
2,22470074,22670074,1,"rs4300861",22549441,"C","NA","NA","T","NA","NA","0.6209","NA","NA","-0.0131271","NA","NA","0.00209588","NA","NA","9.42369","NA","NA",0.0699972,0.0699972
2,22470074,22670074,1,"rs57537843",22558973,"G","NA","NA","A","NA","NA","0.6214","NA","NA","-0.0130893","NA","NA","0.00209642","NA","NA","9.36905","NA","NA",0.0621327,0.0621327
2,22470074,22670074,1,"rs12621172",22587157,"A","NA","NA","C","NA","NA","0.6283","NA","NA","-0.0122495","NA","NA","0.00210414","NA","NA","8.23448","NA","NA",0.00944352,0.00944352
2,22470074,22670074,1,"rs12466671",22583435,"A","NA","NA","G","NA","NA","0.6136","NA","NA","-0.01229","NA","NA","0.0020883","NA","NA","8.40048","NA","NA",0.00862519,0.00862519
2,22470074,22670074,1,"rs61533748",22582968,"T","NA","NA","C","NA","NA","0.6134","NA","NA","-0.0122752","NA","NA","0.0020881","NA","NA","8.38334","NA","NA",0.0082924,0.0082924
2,22470074,22670074,1,"rs12466547",22590100,"G","NA","NA","A","NA","NA","0.6346","NA","NA","-0.0121751","NA","NA","0.00211164","NA","NA","8.08983","NA","NA",0.00676655,0.00676655
2,22470074,22670074,1,"rs66994942",22577783,"G","NA","NA","A","NA","NA","0.6361","NA","NA","-0.0121568","NA","NA","0.00211349","NA","NA","8.05449","NA","NA",0.00653302,0.00653302
2,22470074,22670074,1,"rs1355178",22588525,"T","NA","NA","G","NA","NA","0.6286","NA","NA","-0.0120424","NA","NA","0.00210449","NA","NA","7.97826","NA","NA",0.00628175,0.00628175
2,22470074,22670074,1,"rs58051722",22596089,"G","NA","NA","A","NA","NA","0.6352","NA","NA","-0.0120584","NA","NA","0.00211238","NA","NA","7.94302","NA","NA",0.00510068,0.00510068
2,22470074,22670074,1,"rs56153184",22597127,"C","NA","NA","T","NA","NA","0.6345","NA","NA","-0.0120501","NA","NA","0.00211152","NA","NA","7.93892","NA","NA",0.00508372,0.00508372
2,22470074,22670074,1,"rs66517972",22595179,"C","NA","NA","T","NA","NA","0.6338","NA","NA","-0.0120156","NA","NA","0.00211066","NA","NA","7.90319","NA","NA",0.00483477,0.00483477
2,22470074,22670074,1,"rs12616949",22594027,"G","NA","NA","A","NA","NA","0.629","NA","NA","-0.0119195","NA","NA","0.00210495","NA","NA","7.82658","NA","NA",0.00478797,0.00478797
2,22470074,22670074,1,"rs59145082",22535258,"A","NA","NA","G","NA","NA","0.5025","NA","NA","-0.011415","NA","NA","0.00203371","NA","NA","7.70125","NA","NA",0.00355162,0.00355162
2,22470074,22670074,1,"rs12052648",22535566,"A","NA","NA","C","NA","NA","0.5015","NA","NA","-0.0113496","NA","NA","0.0020337","NA","NA","7.62082","NA","NA",0.00314142,0.00314142
5,30725684,30925684,1,"rs4406147",30834106,"C","NA","NA","G","NA","NA","0.4175","NA","NA","-0.0118656","NA","NA","0.00206195","NA","NA","8.06109","NA","NA",0.288641,0.288641
5,30725684,30925684,1,"rs56070621",30825684,"T","NA","T","A","NA","A","0.4153","NA","0.5063","-0.0121187","NA","-0.0131262","0.00206351","NA","0.0185486","8.36815","NA","0.319526",0.180673,0.180673
5,30725684,30925684,1,"rs12517438",30842054,"T","NA","NA","G","NA","NA","0.4636","NA","NA","-0.0113256","NA","NA","0.0020391","NA","NA","7.55467","NA","NA",0.11058,0.11058
5,30725684,30925684,1,"rs6450799",30813302,"C","NA","C","T","NA","T","0.4172","NA","0.5074","-0.0119247","NA","-0.01313","0.00206216","NA","0.0185492","8.13342","NA","0.319628",0.109304,0.109304
5,30725684,30925684,1,"rs6868642",30815961,"G","NA","G","C","NA","C","0.4174","NA","0.5069","-0.0119124","NA","-0.0133495","0.00206202","NA","0.0185489","8.11901","NA","0.326321",0.106665,0.106665
5,30725684,30925684,1,"rs4413540",30814680,"C","NA","C","T","NA","T","0.4173","NA","0.5059","-0.0118102","NA","-0.0126623","0.00206209","NA","0.0185485","7.99126","NA","0.305551",0.0800308,0.0800308
5,30725684,30925684,1,"rs4626350",30839451,"G","NA","NA","A","NA","NA","0.4517","NA","NA","-0.0108702","NA","NA","0.00204324","NA","NA","6.98409","NA","NA",0.0322988,0.0322988
5,30725684,30925684,1,"rs1921087",30839607,"A","NA","NA","C","NA","NA","0.4515","NA","NA","-0.010843","NA","NA","0.00204332","NA","NA","6.95188","NA","NA",0.0300988,0.0300988
5,30725684,30925684,1,"rs1921086",30840139,"G","NA","NA","T","NA","NA","0.4517","NA","NA","-0.0108322","NA","NA","0.00204324","NA","NA","6.93983","NA","NA",0.0293675,0.0293675
18,35107712,35307712,1,"rs62081501",35207712,"G","NA","G","A","NA","A","0.92101","NA","0.991107","-0.0223518","NA","0.0277437","0.00376996","NA","0.0377229","8.51583","NA","0.335304",0.407466,0.407466
18,35107712,35307712,1,"rs9965395",35217559,"C","NA","NA","T","NA","NA","0.90414","NA","NA","-0.018808","NA","NA","0.00345396","NA","NA","7.28647","NA","NA",0.0927946,0.0927946
18,35107712,35307712,1,"rs66816002",35218921,"C","NA","NA","T","NA","NA","0.90426","NA","NA","-0.0187469","NA","NA","0.0034559","NA","NA","7.23597","NA","NA",0.083656,0.083656
18,35107712,35307712,1,"rs28747668",35235877,"C","NA","NA","T","NA","NA","0.90425","NA","NA","-0.0187192","NA","NA","0.00345574","NA","NA","7.21712","NA","NA",0.080459,0.080459
18,35107712,35307712,1,"rs17570458",35209656,"G","NA","NA","C","NA","NA","0.90427","NA","NA","-0.0187192","NA","NA","0.00345606","NA","NA","7.21584","NA","NA",0.0800675,0.0800675
18,35107712,35307712,1,"rs28534892",35222694,"C","NA","NA","A","NA","NA","0.90426","NA","NA","-0.0187136","NA","NA","0.0034559","NA","NA","7.21254","NA","NA",0.0798047,0.0798047
18,35107712,35307712,1,"rs9959618",35233241,"C","NA","NA","T","NA","NA","0.90425","NA","NA","-0.018691","NA","NA","0.00345574","NA","NA","7.19729","NA","NA",0.0773122,0.0773122
18,35107712,35307712,1,"rs62081500",35204603,"A","A","NA","G","G","NA","0.95607","0.93185","NA","-0.0265654","0.0197684","NA","0.00496168","0.0367995","NA","7.06562","0.228313","NA",0.0350124,0.0350124
18,35107712,35307712,1,"rs17570807",35242636,"A","NA","NA","G","NA","NA","0.9578","NA","NA","-0.0258496","NA","NA","0.00505779","NA","NA","6.49386","NA","NA",0.0264466,0.0264466
3,16751665,16962555,1,"rs35992988",16851665,"C","NA","NA","T","NA","NA","0.8804","NA","NA","0.0193145","NA","NA","0.00313364","NA","NA","9.14808","NA","NA",0.997465,0.997465
9,37248059,37448059,1,"rs308499",37348059,"C","NA","NA","G","NA","NA","0.6019","NA","NA","0.0123616","NA","NA","0.00207729","NA","NA","8.57391","NA","NA",0.225588,0.225588
9,37248059,37448059,1,"rs13301916",37361455,"A","NA","NA","C","NA","NA","0.6103","NA","NA","0.0122909","NA","NA","0.00208506","NA","NA","8.42575","NA","NA",0.187418,0.187418
9,37248059,37448059,1,"rs7852593",37332380,"A","NA","NA","T","NA","NA","0.6106","NA","NA","0.0122918","NA","NA","0.00208535","NA","NA","8.42467","NA","NA",0.18439,0.18439
9,37248059,37448059,1,"rs12555207",37315476,"C","NA","NA","T","NA","NA","0.6056","NA","NA","0.0122997","NA","NA","0.00208062","NA","NA","8.4699","NA","NA",0.182694,0.182694
9,37248059,37448059,1,"rs308498",37348484,"C","NA","NA","T","NA","NA","0.6076","NA","NA","0.0118033","NA","NA","0.00208248","NA","NA","7.83993","NA","NA",0.045925,0.045925
9,37248059,37448059,1,"rs308523",37338785,"C","NA","NA","T","NA","NA","0.606","NA","NA","0.0117652","NA","NA","0.00208099","NA","NA","7.80393","NA","NA",0.0449495,0.0449495
9,37248059,37448059,1,"rs595800",37268680,"C","NA","NA","G","NA","NA","0.6071","NA","NA","0.0116968","NA","NA","0.00208201","NA","NA","7.71413","NA","NA",0.0342137,0.0342137
9,37248059,37448059,1,"rs1339553",37266123,"C","C","NA","G","G","NA","0.6099","0.6501","NA","0.0119367","-0.00634934","NA","0.00208467","0.019444","NA","7.98772","0.12842","NA",0.0264008,0.0264008
9,37248059,37448059,1,"rs13296413",37258105,"C","C","NA","T","T","NA","0.6188","0.653","NA","0.0117761","-0.00525041","NA","0.00209364","0.0194817","NA","7.7308","0.103727","NA",0.0139933,0.0139933
9,37248059,37448059,1,"rs55845273",37362219,"C","NA","NA","T","NA","NA","0.6239","NA","NA","0.0111355","NA","NA","0.00209916","NA","NA","6.94752","NA","NA",0.00931806,0.00931806
1,190528084,190728084,1,"rs114335870",190646224,"C","NA","C","T","NA","T","0.98882","NA","0.96542","-0.152935","NA","-0.0306418","0.0881999","NA","0.00556524","1.08131","NA","7.43506",0.441564,0.441564
1,190528084,190728084,1,"rs115611603",190689210,"C","NA","C","G","NA","G","0.98756","NA","0.96459","-0.129366","NA","-0.029693","0.0836673","NA","0.00550199","0.913437","NA","7.16846",0.206716,0.206716
1,190528084,190728084,1,"rs79278617",190628084,"A","A","A","C","C","C","0.990499","0.994607","0.96622","-0.124467","0.00949658","-0.031205","0.0955951","0.0483558","0.00562842","0.714645","0.0735006","7.52969",0.148222,0.148222
1,190528084,190728084,1,"rs377031312",190703442,"T","T","T","A","A","A","0.98827","0.98104","0.96539","-0.129112","0.0159465","-0.029884","0.0861312","0.0259673","0.00556291","0.87332","0.268292","7.10864",0.0925364,0.0925364
1,190528084,190728084,1,"rs116114870",190725832,"G","G","G","T","T","T","0.98812","0.994763","0.96476","-0.0983383","0.0407866","-0.0290167","0.0855922","0.0490668","0.00551476","0.601035","0.391651","6.84533",0.041281,0.041281
1,190528084,190728084,1,"rs116800634",190723905,"G","G","G","A","A","A","0.98812","0.994769","0.96476","-0.0984153","0.0409135","-0.0289902","0.0855922","0.0490948","0.00551476","0.601678","0.392927","6.83401",0.0403972,0.0403972
10,106429451,106629451,1,"rs61867292",106558859,"NA","NA","G","NA","NA","A","NA","NA","0.8013","NA","NA","0.0137408","NA","NA","0.00254834","NA","NA","7.15704",0.189725,0.189725
10,106429451,106629451,1,"rs11596250",106544393,"NA","C","C","NA","G","G","NA","0.97032","0.8006","NA","-0.000941687","0.0139491","NA","0.0208689","0.00254498","NA","0.0159191","7.3738",0.101071,0.101071
10,106429451,106629451,1,"rs17186548",106550944,"NA","G","G","NA","A","A","NA","0.96123","0.7996","NA","-0.00920269","0.0137767","NA","0.0183454","0.00254021","NA","0.210472","7.23318",0.0837823,0.0837823
10,106429451,106629451,1,"rs11593333",106533655,"NA","G","G","NA","A","A","NA","0.96102","0.7999","NA","-0.00981448","0.0137675","NA","0.0182979","0.00254163","NA","0.227897","7.21698",0.0824907,0.0824907
10,106429451,106629451,1,"rs61867285",106511355,"NA","G","G","NA","A","A","NA","0.96998","0.809","NA","-0.00773582","0.0139631","NA","0.020754","0.0025868","NA","0.149143","7.17094",0.0798659,0.0798659
10,106429451,106629451,1,"rs11599313",106559287,"NA","C","C","NA","T","T","NA","0.97004","0.8012","NA","-0.00384239","0.0137849","NA","0.0207742","0.00254786","NA","0.0689184","7.20138",0.0727538,0.0727538
10,106429451,106629451,1,"rs11593349",106533686,"NA","G","G","NA","C","C","NA","0.97034","0.8002","NA","-0.00198516","0.0137309","NA","0.0208757","0.00254306","NA","0.0342153","7.17467",0.0678774,0.0678774
10,106429451,106629451,1,"rs17185757",106529451,"C","C","C","T","T","T","0.8362","0.96911","0.8061","0.00380439","0.0108105","0.014396","0.0250574","0.0204689","0.002572","0.0558514","0.223736","7.66185",0.0513926,0.0513926
10,106429451,106629451,1,"rs11596241",106544216,"NA","G","G","NA","A","A","NA","0.97497","0.8279","NA","0.019272","0.0145116","NA","0.0226706","0.00269386","NA","0.403098","7.14466",0.044554,0.044554
10,106429451,106629451,1,"rs11594644",106506283,"NA","G","G","NA","A","A","NA","0.96981","0.8088","NA","-0.00530368","0.0136389","NA","0.0206973","0.00258577","NA","0.0981287","6.87595",0.0439041,0.0439041
10,106429451,106629451,1,"rs61867290",106537886,"NA","C","C","NA","T","T","NA","0.9703","0.8005","NA","-0.00202662","0.0133841","NA","0.0208621","0.0025445","NA","0.0349807","6.84148",0.0362474,0.0362474
10,106429451,106629451,1,"rs61863175",106485367,"NA","T","T","NA","C","C","NA","0.97963","0.8134","NA","0.00251045","0.0135423","NA","0.0250705","0.00261004","NA","0.0361005","6.67381",0.0314569,0.0314569
10,106429451,106629451,1,"rs4350297",106473048,"NA","G","G","NA","T","T","NA","0.97074","0.8128","NA","-0.0054473","0.0134335","NA","0.0210136","0.00260681","NA","0.0993818","6.59166",0.0270363,0.0270363
10,106429451,106629451,1,"rs113316302",106541524,"NA","A","A","NA","G","G","NA","0.96094","0.7983","NA","-0.00752644","0.0129303","NA","0.0182799","0.00253407","NA","0.167149","6.47489",0.0183517,0.0183517
10,106429451,106629451,1,"rs61867284",106509326,"NA","C","C","NA","T","T","NA","0.97868","0.8094","NA","0.000328157","0.0131436","NA","0.0245174","0.00258888","NA","0.00466281","6.41616",0.0177361,0.0177361
10,106429451,106629451,1,"rs61867293",106563924,"NA","C","C","NA","T","T","NA","0.93646","0.8072","NA","-0.00976932","0.0136342","NA","0.0145185","0.00257757","NA","0.300147","6.91148",0.0135202,0.0135202
17,44752612,44952612,1,"rs62074125",44852612,"A","A","A","C","C","C","0.5371","0.96737","0.7474","-0.00870755","0.00370775","0.0128311","0.0185984","0.0199335","0.00234024","0.194057","0.0693359","7.37815",0.999602,0.999602
4,20225515,20425515,1,"rs10938795",20325515,"NA","NA","A","NA","NA","T","NA","NA","0.445","NA","NA","-0.0111745","NA","NA","0.00204611","NA","NA","7.32562",0.691901,0.691901
4,20225515,20425515,1,"rs5016268",20370143,"G","NA","G","A","NA","A","0.5317","NA","0.455","-0.0394063","NA","-0.0102085","0.0185846","NA","0.00204198","1.46885","NA","6.24014",0.133907,0.133907
4,20225515,20425515,1,"rs7666014",20352262,"NA","NA","A","NA","NA","G","NA","NA","0.4469","NA","NA","-0.0104858","NA","NA","0.00204525","NA","NA","6.53083",0.125724,0.125724
6,26304958,26504958,1,"rs13220261",26499185,"C","C","C","T","T","T","0.9631","0.95836","0.8827","-0.0186341","0.00278167","0.0183613","0.0491925","0.0177284","0.00316009","0.151911","0.0578332","8.2053",0.0873156,0.0873156
6,26304958,26504958,1,"rs9393718",26407482,"G","G","G","A","A","A","0.90525","0.96877","0.8711","-0.0106752","-0.00703334","0.0172247","0.0316646","0.0203607","0.00303455","0.133113","0.136816","7.86098",0.0313462,0.0313462
6,26304958,26504958,1,"rs34104395",26478252,"C","C","C","T","T","T","0.96329","0.95769","0.8831","-0.0220713","0.00504626","0.0178166","0.0493147","0.0175936","0.00316477","0.184109","0.11112","7.74341",0.0289397,0.0289397
6,26304958,26504958,1,"rs36033628",26456074,"T","T","T","G","G","G","0.96671","0.95766","0.8832","-0.0198065","0.000984201","0.0178311","0.0516943","0.0175877","0.00316595","0.153904","0.0198266","7.74965",0.0279614,0.0279614
6,26304958,26504958,1,"rs9358939",26416787,"C","C","C","G","G","G","0.9051","0.96783","0.8706","-0.0105473","-0.00741858","0.017137","0.0316422","0.0200708","0.00302955","0.131423","0.147724","7.81137",0.0277624,0.0277624
6,26304958,26504958,1,"rs9379873",26402717,"T","T","T","C","C","C","0.90741","0.96883","0.8714","-0.01553","-0.00811613","0.0171636","0.0319936","0.0203797","0.00303756","0.202465","0.160869","7.79582",0.0276996,0.0276996
6,26304958,26504958,1,"rs9379875",26444732,"C","C","C","T","T","T","0.90433","0.96714","0.8705","-0.0157382","-0.0108538","0.017072","0.031528","0.019866","0.00302855","0.209257","0.232974","7.7619",0.0276519,0.0276519
6,26304958,26504958,1,"rs3734537",26422627,"C","C","C","A","A","A","0.90576","0.96869","0.8716","-0.0106692","-0.00629563","0.0171905","0.0317412","0.0203355","0.00303958","0.132667","0.120976","7.80874",0.0274036,0.0274036
6,26304958,26504958,1,"rs34605993",26454363,"C","C","C","T","T","T","0.96664","0.95771","0.8832","-0.0199607","0.000366815","0.0178033","0.0516419","0.0175976","0.00316595","0.155454","0.00728321","7.72755",0.0263881,0.0263881
6,26304958,26504958,1,"rs35680819",26455814,"T","T","T","C","C","C","0.96664","0.95766","0.8832","-0.0196493","0.000769133","0.0177934","0.0516419","0.0175877","0.00316595","0.152686","0.0154194","7.71965",0.0258809,0.0258809
6,26304958,26504958,1,"rs3823158",26463271,"T","T","T","A","A","A","0.96671","0.95756","0.8829","-0.0226435","0.00146757","0.0177689","0.0516943","0.0175678","0.00316242","0.179558","0.0299209","7.71597",0.0256338,0.0256338
6,26304958,26504958,1,"rs3734542",26468326,"G","G","G","A","A","A","0.96291","0.95756","0.8831","-0.021637","0.00496498","0.0177547","0.0490711","0.0175678","0.00316477","0.180942","0.109316","7.69422",0.0254726,0.0254726
6,26304958,26504958,1,"rs3734543",26468545,"G","G","G","C","C","C","0.96258","0.95729","0.8826","-0.0215335","0.00452942","0.0177314","0.0488627","0.0175147","0.00315892","0.180828","0.0991205","7.70181",0.0249794,0.0249794
6,26304958,26504958,1,"rs2393667",26421345,"T","T","T","C","C","C","0.9037","0.96783","0.8705","-0.012856","-0.00699512","0.0170673","0.0314356","0.0200708","0.00302855","0.165855","0.138198","7.75796",0.0246321,0.0246321
6,26304958,26504958,1,"rs2076030",26426856,"G","G","G","A","A","A","0.90509","0.96783","0.8705","-0.0089612","-0.007128","0.0170578","0.0316407","0.0200708","0.00302855","0.109573","0.141173","7.75009",0.0235293,0.0235293
6,26304958,26504958,1,"rs34273322",26415409,"T","T","T","A","A","A","0.9051","0.96783","0.8706","-0.0105305","-0.00666897","0.0170621","0.0316422","0.0200708","0.00302955","0.131187","0.130954","7.74902",0.0235192,0.0235192
6,26304958,26504958,1,"rs35942482",26444938,"T","T","T","A","A","A","0.90433","0.96815","0.8706","-0.0156678","-0.00671712","0.0170352","0.031528","0.020168","0.00302955","0.208152","0.131303","7.72663",0.0235019,0.0235019
6,26304958,26504958,1,"rs13195509",26463660,"G","G","G","A","A","A","0.96678","0.95756","0.8828","-0.0218588","0.00145958","0.017715","0.0517468","0.0175678","0.00316125","0.172166","0.0297526","7.67838",0.0229665,0.0229665
6,26304958,26504958,1,"rs2235251",26431982,"C","C","C","T","T","T","0.90542","0.96796","0.8706","-0.016771","-0.00641482","0.0170022","0.03169","0.0201101","0.00302955","0.224279","0.125091","7.69929",0.0218409,0.0218409
6,26304958,26504958,1,"rs2295593",26501768,"C","C","C","T","T","T","0.8419","0.777","0.8641","0.0121731","-0.00410677","0.0165159","0.0254186","0.00850797","0.00296731","0.19928","0.201134","7.58385",0.0168405,0.0168405
6,26304958,26504958,1,"rs9393727",26500011,"C","C","C","G","G","G","0.842","0.777","0.8641","0.0143229","-0.00390664","0.0164726","0.0254251","0.00850797","0.00296731","0.241689","0.189694","7.54756",0.0159746,0.0159746
6,26304958,26504958,1,"rs66757203",26454956,"C","C","C","T","T","T","0.9665","0.95275","0.8826","-0.0176982","0.00105989","0.0174972","0.0515376","0.0166916","0.00315892","0.135908","0.0225646","7.51679",0.0156209,0.0156209
6,26304958,26504958,1,"rs9366656",26434630,"T","T","T","C","C","C","0.90396","0.96796","0.8706","-0.0132275","-0.00575163","0.0168484","0.0314736","0.0201101","0.00302955","0.171156","0.11077","7.57237",0.0152332,0.0152332
6,26304958,26504958,1,"rs35627490",26462104,"C","C","C","T","T","T","0.96671","0.95756","0.8829","-0.0219721","0.00147318","0.0173013","0.0516943","0.0175678","0.00316242","0.173402","0.0300391","7.34892",0.0101405,0.0101405
6,26304958,26504958,1,"rs9379871",26375854,"C","C","C","G","G","G","0.90682","0.96972","0.87","-0.0327004","-0.0204404","0.016415","0.0319026","0.0206675","0.00302359","0.515189","0.491258","7.2466",0.00992258,0.00992258
6,26304958,26504958,1,"rs72841536",26378288,"T","T","T","A","A","A","0.90719","0.96857","0.8717","-0.0257726","-0.0145965","0.016648","0.0319596","0.0202979","0.00304059","0.376746","0.325992","7.3596",0.00972265,0.00972265
6,26304958,26504958,1,"rs68072215",26377927,"T","T","T","C","C","C","0.90716","0.96849","0.872","-0.0389185","-0.0144544","0.0165176","0.0319549","0.020273","0.00304363","0.651198","0.322527","7.24161",0.00970608,0.00970608
6,26304958,26504958,1,"rs66823108",26377939,"G","G","G","A","A","A","0.90716","0.96849","0.8718","-0.0375186","-0.0143147","0.0165044","0.0319549","0.020273","0.0030416","0.619153","0.318644","7.23985",0.00937435,0.00937435
6,26304958,26504958,1,"rs6900665",26487169,"C","C","C","T","T","T","0.8958","0.8162","0.8722","0.00540011","-0.0121646","0.0164188","0.0303535","0.00914362","0.00304566","0.0661102","0.73663","7.15424",0.00903339,0.00903339
6,26304958,26504958,1,"rs2072803",26392515,"G","G","G","C","C","C","0.90434","0.96799","0.8687","-0.0254232","-0.0125529","0.0163976","0.0315295","0.0201192","0.00301084","0.376697","0.273538","7.28857",0.0085289,0.0085289
6,26304958,26504958,1,"rs16891727",26488860,"C","C","C","A","A","A","0.8962","0.8589","0.8722","0.00457092","0.00385899","0.0166182","0.0304051","0.0101731","0.00304566","0.0552701","0.152155","7.31339",0.00837488,0.00837488
6,26304958,26504958,1,"rs2072806",26385093,"C","C","C","G","G","G","0.9034","0.96837","0.8696","-0.0314265","-0.0105576","0.0163212","0.031392","0.0202357","0.00301964","0.499244","0.220506","7.18841",0.00734189,0.00734189
6,26304958,26504958,1,"rs9366654",26377028,"G","G","G","A","A","A","0.90648","0.96778","0.8715","-0.0365122","-0.0144655","0.0163477","0.0318505","0.0200557","0.00303857","0.59921","0.327214","7.12809",0.00702951,0.00702951
6,26304958,26504958,1,"rs16891725",26479150,"C","C","C","T","T","T","0.8849","0.8583","0.8695","0.00509032","0.00335208","0.0163695","0.0290578","0.0101551","0.00301866","0.0650277","0.129986","7.23147",0.00678798,0.00678798
6,26304958,26504958,1,"rs12174639",26373121,"G","G","G","A","A","A","0.90743","0.97025","0.8712","-0.0375028","-0.0172097","0.0162646","0.0319967","0.0208451","0.00303555","0.617688","0.388244","7.07508",0.00669714,0.00669714
6,26304958,26504958,1,"rs68112369",26365759,"T","NA","T","C","NA","C","0.90425","NA","0.8742","-0.0323577","NA","0.016154","0.0315162","NA","0.00306626","0.516326","NA","6.86113",0.00668793,0.00668793
6,26304958,26504958,1,"rs9348721",26485573,"A","A","A","G","G","G","0.8964","0.8589","0.8722","0.00361219","0.00394931","0.0164968","0.030431","0.0101731","0.00304566","0.0431057","0.156231","7.21627",0.00653713,0.00653713
6,26304958,26504958,1,"rs9393713",26373678,"G","G","G","A","A","A","0.90707","0.97006","0.8709","-0.0328585","-0.0168798","0.0162853","0.031941","0.0207809","0.00303254","0.517685","0.380245","7.10426",0.00626091,0.00626091
6,26304958,26504958,1,"rs1978",26377573,"T","T","T","A","A","A","0.9062","0.96771","0.871","-0.0372706","-0.0143981","0.0162457","0.0318078","0.0200347","0.00303355","0.617443","0.325734","7.06858",0.00619125,0.00619125
6,26304958,26504958,1,"rs12174631",26373150,"C","C","C","T","T","T","0.90707","0.97019","0.8711","-0.0332675","-0.0168216","0.0162856","0.031941","0.0208247","0.00303455","0.526323","0.377554","7.09593",0.00618193,0.00618193
6,26304958,26504958,1,"rs1979",26377591,"G","G","G","T","T","T","0.9062","0.96765","0.871","-0.0370489","-0.0143867","0.0162468","0.0318078","0.0200167","0.00303355","0.612413","0.325776","7.06947",0.00616499,0.00616499
6,26304958,26504958,1,"rs2073531",26375256,"A","A","A","G","G","G","0.90716","0.97013","0.8713","-0.0336222","-0.0170457","0.0162833","0.0319549","0.0208045","0.00303656","0.533549","0.384473","7.08561",0.00611633,0.00611633
6,26304958,26504958,1,"rs12174602",26372827,"C","C","C","T","T","T","0.90707","0.97013","0.8711","-0.0313286","-0.0176045","0.0162802","0.031941","0.0208045","0.00303455","0.485879","0.400721","7.09164",0.00597659,0.00597659
6,26304958,26504958,1,"rs3047288",26376314,"A","A","A","G","G","G","0.90699","0.96816","0.8711","-0.0345748","-0.0165244","0.0162367","0.0319287","0.0201711","0.00303455","0.554607","0.384401","7.05724",0.00590493,0.00590493
6,26304958,26504958,1,"rs2073530",26375243,"T","T","T","C","C","C","0.90716","0.97013","0.8711","-0.033637","-0.0176471","0.0162419","0.0319549","0.0208045","0.00303455","0.533863","0.401968","7.0613",0.00589058,0.00589058
6,26304958,26504958,1,"rs2073527",26374978,"T","T","T","C","C","C","0.9071","0.97013","0.8711","-0.0336203","-0.0172056","0.0162485","0.0319457","0.0208045","0.00303455","0.533717","0.389096","7.06659",0.00588639,0.00588639
6,26304958,26504958,1,"rs9366655",26377385,"C","C","C","G","G","G","0.9062","0.96765","0.871","-0.0372762","-0.0144511","0.0162141","0.0318078","0.0200167","0.00303355","0.61757","0.327603","7.04357",0.00582627,0.00582627
6,26304958,26504958,1,"rs3757138",26376103,"A","A","A","G","G","G","0.9071","0.97005","0.8711","-0.0346284","-0.0170877","0.0162306","0.0319457","0.0207775","0.00303455","0.55537","0.386325","7.05242",0.00579997,0.00579997
6,26304958,26504958,1,"rs2073529",26375159,"A","A","A","G","G","G","0.9071","0.9701","0.8711","-0.0336505","-0.0169439","0.0162422","0.0319457","0.0207943","0.00303455","0.53436","0.381775","7.0616",0.00577207,0.00577207
6,26304958,26504958,1,"rs9348716",26375658,"G","G","G","A","A","A","0.90716","0.97077","0.8731","-0.0346125","-0.0173904","0.016368","0.0319549","0.0210241","0.00305486","0.554809","0.389187","7.07499",0.00571816,0.00571816
6,26304958,26504958,1,"rs9393715",26375645,"G","G","G","A","A","A","0.90716","0.97084","0.8732","-0.0341422","-0.0167938","0.0163867","0.0319549","0.0210485","0.00305589","0.544671","0.371662","7.08539",0.00568637,0.00568637
6,26304958,26504958,1,"rs9379864",26372584,"G","G","G","A","A","A","0.90707","0.97019","0.8711","-0.0333642","-0.016369","0.0162407","0.031941","0.0208247","0.00303455","0.528373","0.364671","7.06035",0.00559317,0.00559317
6,26304958,26504958,1,"rs9358937",26374274,"C","C","C","G","G","G","0.90707","0.97025","0.8711","-0.0314357","-0.0162831","0.0162626","0.031941","0.0208451","0.00303455","0.488079","0.361794","7.07775",0.00557069,0.00557069
6,26304958,26504958,1,"rs12174623",26373086,"C","C","C","T","T","T","0.90707","0.97018","0.8711","-0.0332522","-0.0131295","0.0162678","0.031941","0.0208214","0.00303455","0.525998","0.277105","7.08181",0.00540966,0.00540966
6,26304958,26504958,1,"rs9379863",26372427,"A","A","A","G","G","G","0.90707","0.97019","0.8711","-0.0333372","-0.0163397","0.0162142","0.031941","0.0208247","0.00303455","0.5278","0.363842","7.03943",0.0052993,0.0052993
6,26304958,26504958,1,"rs9358938",26387546,"C","C","C","T","T","T","0.90477","0.9683","0.8696","-0.0279528","-0.0105104","0.01618","0.031593","0.0202141","0.00301964","0.424492","0.219613","7.07557",0.00506912,0.00506912
6,26304958,26504958,1,"rs1977",26377546,"A","A","A","G","G","G","0.90213","0.96411","0.8683","-0.0363619","-0.0137035","0.0160243","0.0312096","0.0190388","0.00300695","0.61264","0.326364","7.00567",0.0049859,0.0049859
6,26304958,26504958,1,"rs34878490",26370572,"C","C","C","T","T","T","0.90677","0.96999","0.8703","-0.0368084","-0.0161733","0.0160911","0.0318949","0.0207574","0.00302656","0.604712","0.360627","6.97589",0.00491922,0.00491922
6,26304958,26504958,1,"rs9358936",26370657,"A","A","A","G","G","G","0.90707","0.96999","0.8703","-0.0330967","-0.0155817","0.016118","0.031941","0.0207574","0.00302656","0.522708","0.344038","6.9971",0.00460836,0.00460836
6,26304958,26504958,1,"rs12176317",26372786,"A","A","A","G","G","G","0.90714","0.97026","0.8709","-0.032788","-0.0164912","0.0161305","0.0319518","0.0208485","0.00303254","0.515967","0.3676","6.98187",0.00451804,0.00451804
6,26304958,26504958,1,"rs9358935",26369587,"A","A","A","G","G","G","0.90707","0.96999","0.8703","-0.0331023","-0.0156658","0.0160964","0.031941","0.0207574","0.00302656","0.522826","0.346378","6.98006",0.00442661,0.00442661
6,26304958,26504958,1,"rs9393712",26371000,"G","G","G","C","C","C","0.90707","0.96999","0.8703","-0.0330967","-0.015614","0.016097","0.031941","0.0207574","0.00302656","0.522708","0.344935","6.98056",0.00442514,0.00442514
6,26304958,26504958,1,"rs34436535",26370365,"G","G","G","C","C","C","0.90707","0.96999","0.8703","-0.0330967","-0.015614","0.0160953","0.031941","0.0207574","0.00302656","0.522708","0.344935","6.97916",0.00440968,0.00440968
6,26304958,26504958,1,"rs12173854",26371679,"A","A","A","G","G","G","0.90707","0.97006","0.8703","-0.0330996","-0.0152438","0.0160884","0.031941","0.0207809","0.00302656","0.52277","0.334211","6.97375",0.00430269,0.00430269
6,26304958,26504958,1,"rs35307327",26370474,"C","C","C","T","T","T","0.90707","0.96999","0.8703","-0.0330967","-0.0155997","0.0160792","0.031941","0.0207574","0.00302656","0.522708","0.344538","6.96654",0.00427057,0.00427057
6,26304958,26504958,1,"rs9379853",26357635,"A","A","A","G","G","G","0.90746","0.96999","0.8699","-0.0329181","-0.0142214","0.0160675","0.0320014","0.0207574","0.0030226","0.517632","0.306919","6.97388",0.00418851,0.00418851
6,26304958,26504958,1,"rs9379852",26357278,"A","A","A","G","G","G","0.90746","0.96999","0.8699","-0.0340725","-0.0155426","0.0160208","0.0320014","0.0207574","0.0030226","0.542114","0.342951","6.93703",0.00407271,0.00407271
6,26304958,26504958,1,"rs9379859",26369549,"C","C","C","T","T","T","0.90707","0.96999","0.8703","-0.0328444","-0.0156514","0.0160309","0.031941","0.0207574","0.00302656","0.517389","0.345978","6.92855",0.00386349,0.00386349
6,26304958,26504958,1,"rs35934643",26355094,"G","G","G","A","A","A","0.90754","0.96999","0.8697","-0.0340217","-0.0149441","0.0159845","0.0320138","0.0207574","0.00302063","0.540744","0.326462","6.91675",0.00364526,0.00364526
6,26304958,26504958,1,"rs9379856",26366836,"A","A","A","C","C","C","0.90707","0.96999","0.8701","-0.0328969","-0.0148136","0.0159924","0.031941","0.0207574","0.00302458","0.518494","0.322902","6.9065",0.00362136,0.00362136
6,26304958,26504958,1,"rs72836482",26359241,"A","A","A","T","T","T","0.90745","0.96999","0.87","-0.0351419","-0.0149195","0.0159551","0.0319998","0.0207574","0.00302359","0.565237","0.32579","6.88137",0.00361232,0.00361232
6,26304958,26504958,1,"rs9348712",26366511,"T","T","T","A","A","A","0.90707","0.96999","0.8701","-0.0328998","-0.0151132","0.0159864","0.031941","0.0207574","0.00302458","0.518554","0.331093","6.90178",0.00360761,0.00360761
6,26304958,26504958,1,"rs71557335",26368279,"G","G","G","A","A","A","0.9066","0.96939","0.8697","-0.0327702","-0.0149278","0.0159772","0.0318688","0.0205593","0.00302063","0.517389","0.329952","6.91096",0.0035863,0.0035863
6,26304958,26504958,1,"rs71557334",26365913,"G","G","G","T","T","T","0.90727","0.96999","0.8702","-0.0324892","-0.0151098","0.0159894","0.0319719","0.0207574","0.00302557","0.509277","0.330999","6.90004",0.00355545,0.00355545
6,26304958,26504958,1,"rs9393703",26356951,"T","T","T","C","C","C","0.90752","0.96999","0.8699","-0.034023","-0.0145043","0.0159653","0.0320107","0.0207574","0.0030226","0.540842","0.314523","6.8935",0.00354265,0.00354265
6,26304958,26504958,1,"rs9379857",26367654,"G","G","G","C","C","C","0.90707","0.96999","0.8701","-0.0331023","-0.0151546","0.0159685","0.031941","0.0207574","0.00302458","0.522826","0.332229","6.88774",0.00350447,0.00350447
6,26304958,26504958,1,"rs9393710",26367833,"A","A","A","G","G","G","0.90707","0.96999","0.8701","-0.0346236","-0.01512","0.0159352","0.031941","0.0207574","0.00302458","0.555376","0.33128","6.86174",0.0034124,0.0034124
6,26304958,26504958,1,"rs9348709",26360311,"G","G","G","A","A","A","0.90727","0.96999","0.87","-0.0343744","-0.0148348","0.0159318","0.0319719","0.0207574","0.00302359","0.549272","0.32348","6.86311",0.00337404,0.00337404
6,26304958,26504958,1,"rs35304979",26356347,"C","C","C","A","A","A","0.90754","0.96999","0.8697","-0.0340951","-0.0152099","0.0159384","0.0320138","0.0207574","0.00302063","0.542315","0.333751","6.8805",0.00335118,0.00335118
6,26304958,26504958,1,"rs28362606",26365586,"T","T","T","C","C","C","0.90727","0.96999","0.8702","-0.0321628","-0.0150787","0.0159563","0.0319719","0.0207574","0.00302557","0.502475","0.330146","6.87415",0.00330241,0.00330241
6,26304958,26504958,1,"rs66827971",26365766,"T","T","T","C","C","C","0.90727","0.96999","0.8702","-0.0325054","-0.0145212","0.0159574","0.0319719","0.0207574","0.00302557","0.509615","0.314978","6.87498",0.00328889,0.00328889
6,26304958,26504958,1,"rs9379858",26367689,"T","T","T","C","C","C","0.90707","0.96999","0.8701","-0.0328444","-0.0147166","0.0159327","0.031941","0.0207574","0.00302458","0.517389","0.320266","6.85979",0.00320842,0.00320842
6,26304958,26504958,1,"rs9393707",26362486,"T","T","T","C","C","C","0.90727","0.96999","0.8701","-0.0319468","-0.0147602","0.0159366","0.0319719","0.0207574","0.00302458","0.497995","0.321451","6.86283",0.00318698,0.00318698
6,26304958,26504958,1,"rs9358932",26362705,"C","C","C","T","T","T","0.90727","0.96999","0.8701","-0.0318689","-0.0148578","0.0159294","0.0319719","0.0207574","0.00302458","0.496384","0.324108","6.85714",0.00314386,0.00314386
11,28542561,28742561,1,"rs10767735",28642561,"NA","G","NA","NA","C","NA","NA","0.606","NA","NA","0.0113959","NA","NA","0.00208099","NA","NA","7.36198","NA",0.0544848,0.0544848
11,28542561,28742561,1,"rs2582896",28615699,"A","A","NA","G","G","NA","0.3793","0.6234","NA","0.0336406","0.0112865","NA","0.0191124","0.00209861","NA","1.10578","7.1233","NA",0.0436179,0.0436179
11,28542561,28742561,1,"rs2585814",28615384,"A","A","NA","G","G","NA","0.3792","0.6233","NA","0.0339094","0.0112639","NA","0.0191134","0.0020985","NA","1.11894","7.09812","NA",0.0421864,0.0421864
11,28542561,28742561,1,"rs7128734",28603669,"A","A","NA","G","G","NA","0.3797","0.6228","NA","0.0310481","0.0113425","NA","0.0191085","0.00209795","NA","0.982138","7.19196","NA",0.0414393,0.0414393
11,28542561,28742561,1,"rs2582897",28615700,"T","T","NA","C","C","NA","0.3793","0.6233","NA","0.0337961","0.0112569","NA","0.0191124","0.0020985","NA","1.11343","7.08998","NA",0.0411199,0.0411199
11,28542561,28742561,1,"rs10742196",28616251,"T","T","NA","C","C","NA","0.3799","0.6233","NA","0.0329927","0.0112654","NA","0.0191065","0.0020985","NA","1.07465","7.09976","NA",0.0394361,0.0394361
11,28542561,28742561,1,"rs4923546",28607774,"G","G","NA","A","A","NA","0.3802","0.6235","NA","0.0318063","0.0112705","NA","0.0191036","0.00209872","NA","1.01806","7.10431","NA",0.0364605,0.0364605
11,28542561,28742561,1,"rs10767727",28618756,"G","G","NA","A","A","NA","0.3784","0.6239","NA","0.0329515","0.0112152","NA","0.0191213","0.00209916","NA","1.07142","7.03824","NA",0.0342972,0.0342972
11,28542561,28742561,1,"rs4378371",28608730,"C","C","NA","G","G","NA","0.3801","0.623","NA","0.0339607","0.0111712","NA","0.0191046","0.00209817","NA","1.12225","6.99419","NA",0.0340987,0.0340987
11,28542561,28742561,1,"rs10835360",28606699,"T","T","NA","C","C","NA","0.3798","0.623","NA","0.0317302","0.0112064","NA","0.0191075","0.00209817","NA","1.01417","7.03428","NA",0.0312781,0.0312781
11,28542561,28742561,1,"rs7952220",28607245,"T","T","NA","C","C","NA","0.38","0.623","NA","0.0317361","0.0111812","NA","0.0191056","0.00209817","NA","1.0146","7.00549","NA",0.0294603,0.0294603
11,28542561,28742561,1,"rs2585817",28602221,"A","A","NA","G","G","NA","0.3812","0.624","NA","0.0291737","0.0111989","NA","0.019094","0.00209927","NA","0.897782","7.01904","NA",0.0253853,0.0253853
11,28542561,28742561,1,"rs4636654",28642653,"NA","G","NA","NA","A","NA","NA","0.6067","NA","NA","0.01107","NA","NA","0.00208164","NA","NA","6.97894","NA",0.0243263,0.0243263
11,28542561,28742561,1,"rs2585811",28618411,"G","G","NA","A","A","NA","0.3798","0.6243","NA","0.0297969","0.0111394","NA","0.0191075","0.0020996","NA","0.924842","6.94934","NA",0.0226913,0.0226913
11,28542561,28742561,1,"rs4244537",28617622,"C","C","NA","A","A","NA","0.3802","0.6243","NA","0.0299543","0.0111325","NA","0.0191036","0.0020996","NA","0.932247","6.94148","NA",0.0226108,0.0226108
11,28542561,28742561,1,"rs7931440",28623873,"G","G","NA","T","T","NA","0.629","0.3816","NA","-0.0351571","-0.0109359","NA","0.0191971","0.00209322","NA","1.17364","6.75774","NA",0.0223624,0.0223624
11,28542561,28742561,1,"rs10835361",28618043,"C","C","NA","G","G","NA","0.3798","0.6244","NA","0.0296104","0.0111308","NA","0.0191075","0.00209971","NA","0.916425","6.93895","NA",0.0219308,0.0219308
11,28542561,28742561,1,"rs2582895",28602173,"C","C","NA","A","A","NA","0.3811","0.6241","NA","0.0289734","0.0111383","NA","0.0190949","0.00209938","NA","0.888798","6.9494","NA",0.0216243,0.0216243
11,28542561,28742561,1,"rs4520584",28612392,"G","G","G","A","A","A","0.3808","0.6237","0.5011","0.0299779","0.0111718","0.000180733","0.0190978","0.00209894","0.00708305","0.933733","6.99018","0.0089321",0.0096737,0.0096737
11,28542561,28742561,1,"rs2585813",28614490,"A","A","A","T","T","T","0.3817","0.6236","0.505","0.0288008","0.0111686","0.000845766","0.0190892","0.00209883","0.00708338","0.881532","6.98712","0.0433719",0.00890051,0.00890051
11,28542561,28742561,1,"rs11030382",28604477,"C","C","C","T","T","T","0.3809","0.6234","0.5031","0.0290254","0.0110792","-0.0017396","0.0190968","0.00209861","0.00708317","0.89098","6.88715","0.0936676",0.00756788,0.00756788
11,28542561,28742561,1,"rs10835365",28630051,"A","A","A","G","G","G","0.3603","0.6076","0.5177","0.0338564","0.0103789","0.0125461","0.0193164","0.00208248","0.00708747","1.09882","6.20541","1.11522",0.0075662,0.0075662
11,28542561,28742561,1,"rs10835368",28643299,"T","T","NA","C","C","NA","0.677","0.3695","NA","-0.0328321","-0.0106608","NA","0.0198313","0.00210671","NA","1.00962","6.37847","NA",0.00719686,0.00719686
11,28542561,28742561,1,"rs10835363",28627504,"T","T","T","C","C","C","0.3611","0.6078","0.5738","0.0333268","0.0105012","0.0106644","0.0193071","0.00208267","0.00716147","1.07406","6.33704","0.865025",0.00669084,0.00669084
11,28542561,28742561,1,"rs10835364",28627653,"G","G","G","A","A","A","0.3619","0.6078","0.5738","0.032471","0.0105206","0.0107133","0.0192978","0.00208267","0.00716147","1.0341","6.35814","0.870756",0.00661707,0.00661707
11,28542561,28742561,1,"rs12226518",28641062,"NA","G","NA","NA","A","NA","NA","0.6081","NA","NA","0.0105015","NA","NA","0.00208295","NA","NA","6.33576","NA",0.00648427,0.00648427
11,28542561,28742561,1,"rs4267058",28645584,"T","T","NA","C","C","NA","0.3229","0.6299","NA","0.0337248","0.0105776","NA","0.0198329","0.002106","NA","1.05038","6.29263","NA",0.00642559,0.00642559
11,28542561,28742561,1,"rs6484376",28650910,"A","A","NA","G","G","NA","0.3227","0.6299","NA","0.0335663","0.0105795","NA","0.0198362","0.002106","NA","1.04281","6.29468","NA",0.00637553,0.00637553
11,28542561,28742561,1,"rs12226542",28641245,"NA","G","NA","NA","A","NA","NA","0.6081","NA","NA","0.0104872","NA","NA","0.00208295","NA","NA","6.32025","NA",0.00627796,0.00627796
11,28542561,28742561,1,"rs10742197",28643867,"A","A","NA","G","G","NA","0.3251","0.63","NA","0.0289693","0.0107042","NA","0.0197979","0.00210612","NA","0.843454","6.42874","NA",0.00619794,0.00619794
11,28542561,28742561,1,"rs7110556",28635929,"G","G","G","A","A","A","0.359","0.6079","0.5735","0.0328443","0.0105162","0.0102485","0.0193318","0.00208276","0.00716082","1.04904","6.35285","0.817086",0.00617655,0.00617655
11,28542561,28742561,1,"rs4471400",28650096,"C","C","NA","T","T","NA","0.3236","0.6309","NA","0.0324209","0.0105985","NA","0.0198217","0.00210718","NA","0.991747","6.30871","NA",0.00604927,0.00604927
11,28542561,28742561,1,"rs10835381",28644830,"A","A","NA","G","G","NA","0.3244","0.6299","NA","0.0307005","0.0106208","NA","0.019809","0.002106","NA","0.916559","6.33907","NA",0.00575036,0.00575036
11,28542561,28742561,1,"rs4568992",28650536,"A","A","NA","G","G","NA","0.3229","0.6299","NA","0.0336425","0.0105298","NA","0.0198329","0.002106","NA","1.04658","6.24139","NA",0.00573996,0.00573996
11,28542561,28742561,1,"rs11030385",28629115,"G","G","G","A","A","A","0.3619","0.6078","0.5739","0.0324452","0.010498","0.0101577","0.0192978","0.00208267","0.00716169","1.03288","6.33353","0.806622",0.00573205,0.00573205
11,28542561,28742561,1,"rs10767734",28642381,"NA","C","NA","NA","T","NA","NA","0.637","NA","NA","0.0105651","NA","NA","0.00211462","NA","NA","6.23307","NA",0.00567247,0.00567247
11,28542561,28742561,1,"rs12221661",28639130,"NA","T","NA","NA","C","NA","NA","0.6076","NA","NA","0.0104293","NA","NA","0.00208248","NA","NA","6.25996","NA",0.00554031,0.00554031
11,28542561,28742561,1,"rs10835362",28626786,"G","G","G","A","A","A","0.3619","0.6079","0.5741","0.0328521","0.0104438","0.0104465","0.0192978","0.00208276","0.00716212","1.05215","6.27411","0.839591",0.0054577,0.0054577
11,28542561,28742561,1,"rs11030381",28599880,"T","T","NA","A","A","NA","0.627","0.3895","NA","-0.0357118","-0.0102266","NA","0.0191761","0.00208525","NA","1.20371","6.02788","NA",0.00536437,0.00536437
11,28542561,28742561,1,"rs11821132",28630734,"T","T","T","G","G","G","0.3607","0.6075","0.5613","0.0330928","0.0104021","0.0104858","0.0193118","0.00208239","0.00713687","1.06248","6.23098","0.848431",0.00517004,0.00517004
11,28542561,28742561,1,"rs11030384",28625357,"A","A","NA","T","T","NA","0.3656","0.6094","NA","0.0336006","0.0103164","NA","0.0192559","0.00208419","NA","1.09156","6.12912","NA",0.00515629,0.00515629
11,28542561,28742561,1,"rs4268495",28645341,"G","G","NA","C","C","NA","0.3244","0.6299","NA","0.0307264","0.0105632","NA","0.019809","0.002106","NA","0.917683","6.27715","NA",0.00506435,0.00506435
11,28542561,28742561,1,"rs4923549",28637336,"A","A","A","G","G","G","0.3587","0.6075","0.5736","0.0330639","0.0104289","0.0100852","0.0193353","0.00208239","0.00716104","1.05918","6.25998","0.798528",0.00503621,0.00503621
11,28542561,28742561,1,"rs4350350",28650406,"C","C","NA","T","T","NA","0.3247","0.6314","NA","0.030309","0.0105827","NA","0.0198042","0.00210778","NA","0.899941","6.28858","NA",0.0050341,0.0050341
11,28542561,28742561,1,"rs11030386",28631248,"C","C","C","A","A","A","0.362","0.6076","0.5734","0.032293","0.0104273","0.0101937","0.0192967","0.00208248","0.00716061","1.02581","6.2577","0.810886",0.00487628,0.00487628
11,28542561,28742561,1,"rs4576808",28646472,"C","C","NA","T","T","NA","0.3248","0.6299","NA","0.029758","0.010571","NA","0.0198026","0.002106","NA","0.876444","6.28548","NA",0.0048408,0.0048408
11,28542561,28742561,1,"rs59617050",28630746,"A","A","A","G","G","G","0.3607","0.6075","0.5613","0.033106","0.0103733","0.0104612","0.0193118","0.00208239","0.00713687","1.06311","6.19989","0.84556",0.00483103,0.00483103
11,28542561,28742561,1,"rs4923550",28637363,"T","T","T","C","C","C","0.3587","0.6075","0.5737","0.0330743","0.0103997","0.0102096","0.0193353","0.00208239","0.00716125","1.05968","6.22835","0.812584",0.00481095,0.00481095
11,28542561,28742561,1,"rs10767731",28634863,"T","T","T","C","C","C","0.3599","0.6073","0.5732","0.032102","0.0104166","0.0103701","0.0193211","0.0020822","0.00716018","1.01496","6.24767","0.831114",0.00479092,0.00479092
11,28542561,28742561,1,"rs10767733",28642320,"NA","G","NA","NA","A","NA","NA","0.6087","NA","NA","0.0103693","NA","NA","0.00208352","NA","NA","6.18953","NA",0.00477128,0.00477128
11,28542561,28742561,1,"rs10767730",28634862,"A","A","A","G","G","G","0.3599","0.6073","0.5732","0.0321044","0.010411","0.0104057","0.0193211","0.0020822","0.00716018","1.01507","6.24159","0.835211",0.00476559,0.00476559
11,28542561,28742561,1,"rs10767729",28634751,"C","C","C","T","T","T","0.3605","0.6077","0.5733","0.0313459","0.0104276","0.0104198","0.0193141","0.00208258","0.00716039","0.980472","6.25759","0.836793",0.004676,0.004676
11,28542561,28742561,1,"rs12226610",28631069,"G","G","G","C","C","C","0.362","0.6075","0.5734","0.0321957","0.0104016","0.010105","0.0192967","0.00208239","0.00716061","1.02125","6.23042","0.800825",0.0045115,0.0045115
11,28542561,28742561,1,"rs11030387",28631484,"C","C","C","T","T","T","0.3618","0.6075","0.5734","0.0322193","0.0103939","0.010091","0.019299","0.00208239","0.00716061","1.02217","6.22208","0.799245",0.00442999,0.00442999
11,28542561,28742561,1,"rs10767732",28642268,"NA","G","NA","NA","A","NA","NA","0.6081","NA","NA","0.0103182","NA","NA","0.00208295","NA","NA","6.13769","NA",0.00428359,0.00428359
11,28542561,28742561,1,"rs10835369",28643323,"NA","T","T","NA","A","A","NA","0.6293","0.2594","NA","0.0107487","0.0061404","NA","0.0021053","0.00808002","NA","6.48165","0.349416",0.00395509,0.00395509
11,28542561,28742561,1,"rs10835370",28643326,"NA","C","C","NA","A","A","NA","0.6293","0.2594","NA","0.0107258","0.00653096","NA","0.0021053","0.00808002","NA","6.45672","0.377862",0.00386643,0.00386643
11,28542561,28742561,1,"rs57806515",28628549,"C","C","C","A","A","A","0.3619","0.6076","0.5737","0.0323592","0.0103442","0.00986207","0.0192978","0.00208248","0.00716125","1.02883","6.16807","0.773483",0.0038616,0.0038616
11,28542561,28742561,1,"rs10835372",28643913,"T","T","T","C","C","C","0.3245","0.6297","0.3352","0.0318085","0.0107232","0.0047302","0.0198074","0.00210577","0.00750225","0.965379","6.45135","0.277066",0.00343934,0.00343934
11,28542561,28742561,1,"rs4356210",28662825,"NA","T","NA","NA","C","NA","NA","0.6372","NA","NA","0.0103812","NA","NA","0.00211487","NA","NA","6.03767","NA",0.00337712,0.00337712
11,28542561,28742561,1,"rs10835371",28643877,"G","G","G","A","A","A","0.324","0.63","0.3347","0.0319376","0.0106931","0.00440309","0.0198153","0.00210612","0.00750503","0.97056","6.41668","0.253821",0.00316401,0.00316401
11,28542561,28742561,1,"rs4275621",28652996,"NA","A","NA","NA","G","NA","NA","0.6268","NA","NA","0.010255","NA","NA","0.00210242","NA","NA","5.96928","NA",0.00303085,0.00303085
11,28542561,28742561,1,"rs11030403",28679856,"NA","G","NA","NA","A","NA","NA","0.6363","NA","NA","0.0103116","NA","NA","0.00211374","NA","NA","5.97076","NA",0.00300128,0.00300128
11,28542561,28742561,1,"rs11030380",28591168,"NA","A","NA","NA","T","NA","NA","0.3916","NA","NA","-0.0101054","NA","NA","0.00208324","NA","NA","5.91029","NA",0.00292927,0.00292927
11,28542561,28742561,1,"rs7124653",28653727,"T","T","NA","G","G","NA","0.3255","0.6359","NA","0.0333663","0.0102303","NA","0.0197916","0.00211324","NA","1.03707","5.88887","NA",0.00283308,0.00283308
11,28542561,28742561,1,"rs11030388",28644112,"G","G","G","T","T","T","0.3238","0.6301","0.3343","0.0321477","0.0106398","0.00422373","0.0198185","0.00210624","0.00750726","0.979716","6.35833","0.241319",0.00281688,0.00281688
11,28542561,28742561,1,"rs4442537",28625664,"C","C","C","T","T","T","0.3638","0.6089","0.575","0.0292815","0.010276","0.0101205","0.0192761","0.00208371","0.00716409","0.890259","6.08849","0.80202",0.00274916,0.00274916
11,28542561,28742561,1,"rs7938122",28660862,"NA","G","NA","NA","T","NA","NA","0.6369","NA","NA","0.0102737","NA","NA","0.00211449","NA","NA","5.92756","NA",0.0027487,0.0027487
11,28542561,28742561,1,"rs7121736",28649870,"A","A","A","G","G","G","0.3232","0.6301","0.29","0.0337383","0.0105768","0.00446042","0.0198281","0.00210624","0.00780479","1.05138","6.29047","0.24591",0.00274335,0.00274335
11,28542561,28742561,1,"rs7127383",28591587,"NA","C","NA","NA","T","NA","NA","0.3916","NA","NA","-0.0100707","NA","NA","0.00208324","NA","NA","5.87388","NA",0.00271727,0.00271727
11,28542561,28742561,1,"rs10835373",28643942,"T","T","T","C","C","C","0.3239","0.6298","0.3342","0.0319426","0.010627","0.00422936","0.0198169","0.00210589","0.00750782","0.970669","6.34644","0.241685",0.00270988,0.00270988
11,28542561,28742561,1,"rs7124523",28653630,"T","T","NA","C","C","NA","0.3255","0.6359","NA","0.0336241","0.0101909","NA","0.0197916","0.00211324","NA","1.04897","5.84819","NA",0.00265305,0.00265305
11,28542561,28742561,1,"rs11030392",28648671,"G","G","G","A","A","A","0.3238","0.6299","0.3342","0.0320503","0.010599","0.00443134","0.0198185","0.002106","0.00750782","0.975359","6.31561","0.255679",0.00259029,0.00259029
11,28542561,28742561,1,"rs11030393",28648737,"A","A","A","G","G","G","0.3238","0.6299","0.3342","0.0320999","0.0106023","0.00420646","0.0198185","0.002106","0.00750782","0.977575","6.31918","0.240113",0.00258452,0.00258452
11,28542561,28742561,1,"rs12576604",28644602,"A","A","A","G","G","G","0.3237","0.6301","0.3343","0.031982","0.0106058","0.00419209","0.0198201","0.00210624","0.00750726","0.972197","6.32164","0.239149",0.00257341,0.00257341
11,28542561,28742561,1,"rs11030399",28666340,"NA","A","NA","NA","C","NA","NA","0.6368","NA","NA","0.0102431","NA","NA","0.00211437","NA","NA","5.89652","NA",0.00257309,0.00257309
11,28542561,28742561,1,"rs4344470",28657250,"NA","A","NA","NA","G","NA","NA","0.6367","NA","NA","0.0102392","NA","NA","0.00211424","NA","NA","5.89313","NA",0.00255938,0.00255938
11,28542561,28742561,1,"rs7935241",28654868,"NA","G","NA","NA","A","NA","NA","0.6363","NA","NA","0.010236","NA","NA","0.00211374","NA","NA","5.89228","NA",0.00255517,0.00255517
11,28542561,28742561,1,"rs10767737",28645819,"T","T","T","G","G","G","0.3237","0.6299","0.3343","0.0322754","0.0105926","0.00415951","0.0198201","0.002106","0.00750726","0.985324","6.30876","0.236921",0.00255351,0.00255351
11,28542561,28742561,1,"rs4290215",28647955,"G","G","G","T","T","T","0.3237","0.6299","0.3343","0.0320717","0.0105952","0.00424224","0.0198201","0.002106","0.00750726","0.9762","6.31153","0.242592",0.00254394,0.00254394
11,28542561,28742561,1,"rs73434729",28644292,"C","C","C","A","A","A","0.3238","0.6299","0.3343","0.0319717","0.0106016","0.00409681","0.0198185","0.002106","0.00750726","0.971851","6.31847","0.232649",0.00254348,0.00254348
11,28542561,28742561,1,"rs7928893",28656009,"NA","T","NA","NA","G","NA","NA","0.6364","NA","NA","0.0102341","NA","NA","0.00211387","NA","NA","5.88965","NA",0.00254074,0.00254074
11,28542561,28742561,1,"rs4534569",28667816,"NA","A","NA","NA","G","NA","NA","0.6367","NA","NA","0.010236","NA","NA","0.00211424","NA","NA","5.88974","NA",0.00253758,0.00253758
11,28542561,28742561,1,"rs7941641",28668656,"NA","G","NA","NA","T","NA","NA","0.6373","NA","NA","0.0102433","NA","NA","0.00211499","NA","NA","5.89355","NA",0.00253051,0.00253051
11,28542561,28742561,1,"rs7942482",28677264,"NA","T","NA","NA","C","NA","NA","0.6363","NA","NA","0.0102318","NA","NA","0.00211374","NA","NA","5.88797","NA",0.00252918,0.00252918
11,28542561,28742561,1,"rs10835382",28644885,"T","T","T","C","C","C","0.3237","0.6299","0.3343","0.0320585","0.0105936","0.00418729","0.0198201","0.002106","0.00750726","0.97561","6.3098","0.23882",0.00252472,0.00252472
11,28542561,28742561,1,"rs4351802",28646611,"T","T","T","A","A","A","0.3237","0.6299","0.3343","0.0321129","0.0105883","0.00427134","0.0198201","0.002106","0.00750726","0.978044","6.30414","0.244596",0.0025166,0.0025166
11,28542561,28742561,1,"rs4337023",28660205,"NA","T","NA","NA","C","NA","NA","0.6369","NA","NA","0.0102329","NA","NA","0.00211449","NA","NA","5.8853","NA",0.00251636,0.00251636
11,28542561,28742561,1,"rs7938026",28655058,"NA","A","NA","NA","C","NA","NA","0.6363","NA","NA","0.0102289","NA","NA","0.00211374","NA","NA","5.88489","NA",0.0025163,0.0025163
11,28542561,28742561,1,"rs7928142",28668657,"NA","T","NA","NA","C","NA","NA","0.6373","NA","NA","0.0102405","NA","NA","0.00211499","NA","NA","5.89067","NA",0.00251544,0.00251544
11,28542561,28742561,1,"rs2356014",28671200,"NA","C","NA","NA","G","NA","NA","0.6369","NA","NA","0.0102327","NA","NA","0.00211449","NA","NA","5.88507","NA",0.00251489,0.00251489
11,28542561,28742561,1,"rs7937781",28660818,"NA","A","NA","NA","G","NA","NA","0.6365","NA","NA","0.0102292","NA","NA","0.00211399","NA","NA","5.88404","NA",0.00250969,0.00250969
11,28542561,28742561,1,"rs11030398",28666064,"NA","G","NA","NA","A","NA","NA","0.6371","NA","NA","0.0102325","NA","NA","0.00211474","NA","NA","5.88363","NA",0.0025043,0.0025043
11,28542561,28742561,1,"rs4274191",28645698,"G","G","G","A","A","A","0.3237","0.6299","0.3343","0.0320464","0.0105849","0.00436671","0.0198201","0.002106","0.00750726","0.97507","6.30046","0.251198",0.0024998,0.0024998
11,28542561,28742561,1,"rs6484387",28670122,"NA","T","NA","NA","A","NA","NA","0.6365","NA","NA","0.0102267","NA","NA","0.00211399","NA","NA","5.88143","NA",0.00249444,0.00249444
11,28542561,28742561,1,"rs2883826",28667671,"NA","G","NA","NA","A","NA","NA","0.6368","NA","NA","0.0102257","NA","NA","0.00211437","NA","NA","5.87849","NA",0.00247969,0.00247969
11,28542561,28742561,1,"rs11030391",28644626,"A","A","A","G","G","G","0.3237","0.6299","0.3343","0.0319453","0.010589","0.00416456","0.0198201","0.002106","0.00750726","0.970558","6.30491","0.237266",0.00247655,0.00247655
11,28542561,28742561,1,"rs6484386",28670117,"NA","G","NA","NA","T","NA","NA","0.6365","NA","NA","0.0102231","NA","NA","0.00211399","NA","NA","5.87769","NA",0.00247513,0.00247513
11,28542561,28742561,1,"rs6484377",28653488,"T","T","NA","G","G","NA","0.3263","0.636","NA","0.0321498","0.0102072","NA","0.0197791","0.00211337","NA","0.982685","5.86442","NA",0.0024712,0.0024712
11,28542561,28742561,1,"rs2356015",28671134,"NA","T","NA","NA","C","NA","NA","0.6369","NA","NA","0.010224","NA","NA","0.00211449","NA","NA","5.87614","NA",0.00246872,0.00246872
11,28542561,28742561,1,"rs10835374",28643971,"G","G","G","A","A","A","0.3239","0.63","0.3344","0.0317337","0.0105922","0.00422415","0.0198169","0.00210612","0.0075067","0.961376","6.30765","0.24137",0.00246427,0.00246427
11,28542561,28742561,1,"rs4582964",28646575,"T","T","T","A","A","A","0.3234","0.6308","0.3345","0.0320787","0.0105863","0.00423049","0.0198249","0.00210706","0.00750615","0.976165","6.29623","0.241827",0.00246152,0.00246152
11,28542561,28742561,1,"rs6484378",28655898,"NA","C","NA","NA","G","NA","NA","0.6364","NA","NA","0.0102185","NA","NA","0.00211387","NA","NA","5.87356","NA",0.00245732,0.00245732
11,28542561,28742561,1,"rs4923552",28676737,"NA","A","NA","NA","G","NA","NA","0.6365","NA","NA","0.0102179","NA","NA","0.00211399","NA","NA","5.87228","NA",0.00245088,0.00245088
11,28542561,28742561,1,"rs4354676",28662660,"NA","T","NA","NA","C","NA","NA","0.6369","NA","NA","0.0102228","NA","NA","0.00211449","NA","NA","5.87485","NA",0.00243984,0.00243984
11,28542561,28742561,1,"rs11030397",28666059,"NA","C","NA","NA","G","NA","NA","0.6371","NA","NA","0.010218","NA","NA","0.00211474","NA","NA","5.86867","NA",0.00242776,0.00242776
11,28542561,28742561,1,"rs12577364",28658030,"NA","A","NA","NA","G","NA","NA","0.6368","NA","NA","0.0102152","NA","NA","0.00211437","NA","NA","5.86767","NA",0.00242591,0.00242591
11,28542561,28742561,1,"rs4372430",28667940,"NA","C","NA","NA","T","NA","NA","0.6368","NA","NA","0.0102154","NA","NA","0.00211437","NA","NA","5.8679","NA",0.00242577,0.00242577
11,28542561,28742561,1,"rs10835384",28654541,"NA","A","NA","NA","G","NA","NA","0.636","NA","NA","0.0102072","NA","NA","0.00211337","NA","NA","5.86442","NA",0.00241064,0.00241064
11,28542561,28742561,1,"rs7130649",28667089,"NA","T","NA","NA","C","NA","NA","0.6367","NA","NA","0.0102119","NA","NA","0.00211424","NA","NA","5.86491","NA",0.00241011,0.00241011
12,58122672,58322672,1,"rs10877024",58226709,"NA","C","NA","NA","T","NA","NA","0.6898","NA","NA","0.0129552","NA","NA","0.00219822","NA","NA","8.42233","NA",0.123329,0.123329
12,58122672,58322672,1,"rs870392",58219173,"NA","C","NA","NA","A","NA","NA","0.69","NA","NA","0.0129141","NA","NA","0.00219861","NA","NA","8.37055","NA",0.110013,0.110013
12,58122672,58322672,1,"rs4760332",58222672,"NA","C","C","NA","A","A","NA","0.69","0.94467","NA","0.0131043","0.0157801","NA","0.00219861","0.0154906","NA","8.59886","0.510955",0.104536,0.104536
12,58122672,58322672,1,"rs4760171",58225904,"NA","T","NA","NA","C","NA","NA","0.6871","NA","NA","0.0127665","NA","NA","0.00219302","NA","NA","8.23403","NA",0.0825885,0.0825885
12,58122672,58322672,1,"rs4760333",58224040,"NA","T","NA","NA","C","NA","NA","0.6865","NA","NA","0.0127357","NA","NA","0.00219187","NA","NA","8.20537","NA",0.0779155,0.0779155
12,58122672,58322672,1,"rs10877025",58229003,"NA","T","NA","NA","C","NA","NA","0.69","NA","NA","0.0127245","NA","NA","0.00219861","NA","NA","8.14602","NA",0.0676213,0.0676213
12,58122672,58322672,1,"rs10783850",58229377,"NA","T","NA","NA","C","NA","NA","0.6901","NA","NA","0.0126993","NA","NA","0.00219881","NA","NA","8.11513","NA",0.0632396,0.0632396
12,58122672,58322672,1,"rs1875125",58227241,"NA","T","NA","NA","G","NA","NA","0.6892","NA","NA","0.0126725","NA","NA","0.00219706","NA","NA","8.0956","NA",0.0606448,0.0606448
12,58122672,58322672,1,"rs10877022",58223937,"NA","A","NA","NA","G","NA","NA","0.6874","NA","NA","0.0126398","NA","NA","0.00219359","NA","NA","8.08067","NA",0.0591808,0.0591808
12,58122672,58322672,1,"rs10877026",58229176,"NA","G","NA","NA","C","NA","NA","0.69","NA","NA","0.0126558","NA","NA","0.00219861","NA","NA","8.06555","NA",0.0568475,0.0568475
12,58122672,58322672,1,"rs10783851",58231155,"NA","G","NA","NA","A","NA","NA","0.6901","NA","NA","0.0126391","NA","NA","0.00219881","NA","NA","8.0447","NA",0.0543608,0.0543608
12,58122672,58322672,1,"rs7489290",58228588,"NA","C","NA","NA","G","NA","NA","0.6865","NA","NA","0.0123867","NA","NA","0.00219187","NA","NA","7.79765","NA",0.032275,0.032275
12,58122672,58322672,1,"rs871871",58219681,"NA","G","NA","NA","A","NA","NA","0.6873","NA","NA","0.0120554","NA","NA","0.0021934","NA","NA","7.41121","NA",0.0140016,0.0140016
12,58122672,58322672,1,"rs1021469",58208164,"NA","G","NA","NA","A","NA","NA","0.6868","NA","NA","0.0118764","NA","NA","0.00219244","NA","NA","7.21742","NA",0.00878947,0.00878947
12,58122672,58322672,1,"rs11172351",58213485,"C","C","NA","T","T","NA","0.541","0.6803","NA","0.0344294","0.0115238","NA","0.0186098","0.00218038","NA","1.19176","6.90116","NA",0.00468037,0.00468037
12,58122672,58322672,1,"rs10877011",58124992,"NA","T","NA","NA","G","NA","NA","0.6586","NA","NA","0.0114411","NA","NA","0.00214443","NA","NA","7.02043","NA",0.0043676,0.0043676
12,58122672,58322672,1,"rs2301551",58124534,"NA","C","C","NA","G","G","NA","0.6912","0.96085","NA","0.0119466","-0.00607014","NA","0.00220097","0.0182598","NA","7.24391","0.131025",0.00288636,0.00288636
12,58122672,58322672,1,"rs11172349",58212528,"G","G","G","A","A","A","0.5407","0.6802","0.94319","0.0352707","0.0114799","0.0172594","0.0186089","0.0021802","0.0152995","1.23624","6.85452","0.586237",0.00285911,0.00285911
12,58122672,58322672,1,"rs11172350",58213272,"A","A","NA","G","G","NA","0.4775","0.6766","NA","0.0348234","0.0112345","NA","0.018566","0.00217379","NA","1.2168","6.62632","NA",0.00275487,0.00275487
12,58122672,58322672,1,"rs10783856",58249243,"A","A","NA","G","G","NA","0.5246","0.6873","NA","0.0403823","0.011089","NA","0.0185697","0.0021934","NA","1.52787","6.36757","NA",0.00262329,0.00262329
12,58122672,58322672,1,"rs3782130",58161898,"NA","G","NA","NA","C","NA","NA","0.6793","NA","NA","0.0112404","NA","NA","0.00217858","NA","NA","6.60622","NA",0.00247658,0.00247658
12,58122672,58322672,1,"rs3825079",58203354,"C","C","C","T","T","T","0.5397","0.6795","0.94384","0.0352164","0.0114256","0.0156557","0.0186059","0.00217894","0.0153825","1.23366","6.80286","0.510333",0.00232042,0.00232042
12,58122672,58322672,1,"rs2069506",58142854,"NA","C","C","NA","A","A","NA","0.6815","0.9449","NA","0.0113854","0.0186936","NA","0.00218256","0.015521","NA","6.7392","0.641239",0.00221195,0.00221195
12,58122672,58322672,1,"rs4301823",58186594,"NA","C","C","NA","T","T","NA","0.6796","0.94331","NA","0.0113912","0.0172628","NA","0.00217912","0.0153147","NA","6.76474","0.585601",0.00220987,0.00220987
12,58122672,58322672,1,"rs6581155",58178162,"A","A","NA","G","G","NA","0.4773","0.6759","NA","0.0349026","0.0111162","NA","0.0185663","0.00217257","NA","1.22096","6.50715","NA",0.00214435,0.00214435
12,58122672,58322672,1,"rs2014886",58177437,"C","C","C","T","T","T","0.5391","0.6796","0.9428","0.0342696","0.0113855","0.0167606","0.0186041","0.00217912","0.0152504","1.18396","6.75862","0.565821",0.00211495,0.00211495
12,58122672,58322672,1,"rs1875124",58196802,"A","A","A","G","G","G","0.5397","0.6796","0.94369","0.0346132","0.0113676","0.01676","0.0186059","0.00217912","0.0153632","1.20178","6.7394","0.560179",0.00206042,0.00206042
16,60571834,60771834,1,"rs1862743",60743834,"C","C","NA","A","A","NA","0.663","0.513","NA","-0.0532299","0.0107625","NA","0.019619","0.00203438","NA","2.17627","6.91332","NA",0.370078,0.370078
16,60571834,60771834,1,"rs12149591",60671834,"NA","T","NA","NA","G","NA","NA","0.4843","NA","NA","0.0111787","NA","NA","0.00203469","NA","NA","7.40583","NA",0.161511,0.161511
16,60571834,60771834,1,"rs28711200",60730282,"T","T","T","G","G","G","0.6634","0.5007","0.7201","-0.043538","0.0107437","0.000929857","0.0196247","0.00203369","0.00788844","1.57645","6.89552","0.0427922",0.0545041,0.0545041
16,60571834,60771834,1,"rs12927881",60699109,"T","T","NA","A","A","NA","0.6757","0.5007","NA","-0.0324169","0.0107715","NA","0.0198106","0.00203369","NA","0.992388","6.92807","NA",0.0519314,0.0519314
16,60571834,60771834,1,"rs2059250",60730542,"T","T","T","C","C","C","0.6634","0.5007","0.7202","-0.0433291","0.0107302","0.000759846","0.0196247","0.00203369","0.0078893","1.5646","6.87987","0.0346705",0.0515548,0.0515548
16,60571834,60771834,1,"rs2059251",60730790,"T","T","T","A","A","A","0.6633","0.5007","0.7202","-0.0434408","0.0107008","0.00105361","0.0196232","0.00203369","0.0078893","1.57111","6.84561","0.0487793",0.0485992,0.0485992
16,60571834,60771834,1,"rs7195797",60701761,"C","C","NA","T","T","NA","0.6765","0.5007","NA","-0.0294732","0.0107839","NA","0.0198233","0.00203369","NA","0.863058","6.94256","NA",0.0434935,0.0434935
16,60571834,60771834,1,"rs9931205",60735820,"T","T","T","G","G","G","0.6634","0.5012","0.7199","-0.0414955","0.0107155","0.000727382","0.0196247","0.00203369","0.00788672","1.46248","6.86265","0.0331469",0.041501,0.041501
16,60571834,60771834,1,"rs34209273",60721642,"G","G","G","A","A","A","0.6639","0.5099","0.7325","-0.0431465","0.0106144","-0.00327696","0.0196319","0.00203409","0.00800062","1.55339","6.74322","0.166147",0.0380633,0.0380633
16,60571834,60771834,1,"rs7188399",60713434,"C","C","C","T","T","T","0.6776","0.5006","0.7325","-0.0316104","0.0108735","-0.00359133","0.019841","0.00203369","0.00800062","0.954216","7.04775","0.184743",0.0293482,0.0293482
16,60571834,60771834,1,"rs12102824",60677968,"NA","T","NA","NA","C","NA","NA","0.4895","NA","NA","0.0104144","NA","NA","0.00203414","NA","NA","6.51449","NA",0.026043,0.026043
16,60571834,60771834,1,"rs9302725",60716005,"T","T","T","G","G","G","0.6777","0.5007","0.7319","-0.031126","0.0108083","-0.00476554","0.0198426","0.00203369","0.00799493","0.932816","6.97106","0.258747",0.0254063,0.0254063
16,60571834,60771834,1,"rs12709063",60686987,"A","A","NA","G","G","NA","0.6822","0.495","NA","-0.0348469","0.0104137","NA","0.0199166","0.00203379","NA","1.09594","6.5157","NA",0.0251591,0.0251591
